"","Locality","Site","Point.ID","Observer","Recorder","Visit","Y.coordinate","X.coordinate","Wind.speed","Wind.direction","Sky","Date"
"1","Puerto Rico","Adjuntas I","6000-5","JASF","JASV","1",18.12156,-66.45748,1,"NE",0,2015-02-06 08:43:00
"2","Puerto Rico","Adjuntas I","6000-4","JASF","JASV","1",18.12075,-66.45516,1,"NE",0,2015-02-06 08:10:00
"3","Puerto Rico","Adjuntas I","6000-3","JASF","JASV","1",18.12071,-66.45397,1,"NE",0,2015-02-06 07:39:00
"4","Puerto Rico","Adjuntas I","6000-2","JASF","JASV","1",18.1239,-66.45297,1,"NE",1,2015-02-06 07:10:00
"5","Puerto Rico","Adjuntas I","6000-1","JASF","JASV","1",18.12042,-66.45186,1,"NE",4,2015-02-06 06:41:00
"6","Puerto Rico","Adjuntas II","7717-1","JASF",NA,"1",18.11245,-66.73895,1,"NE",4,2015-02-09 07:25:00
"7","Puerto Rico","Adjuntas II","7717-4","JASF",NA,"1",18.11448,-66.73521,3,"NE",2,2015-02-09 06:46:00
"8","Puerto Rico","Adjuntas II","7717-3","JASF",NA,"1",18.11286,-66.73275,1,"NE",2,2015-02-09 08:20:00
"9","Puerto Rico","Adjuntas II","7717-5","JASF",NA,"1",18.11531,-66.73275,1,"NE",1,2015-02-09 09:06:00
"10","Puerto Rico","Adjuntas II","7717-2","JASF",NA,"1",18.11271,-66.73073,1,"NE",2,2015-02-09 07:54:00
"11","Puerto Rico","Adjuntas III","6877-1","JASV","JI","1",18.16263,-66.68069,2,"NE",1,2015-02-09 06:46:00
"12","Puerto Rico","Adjuntas III","6877-2","JASV","JI","1",18.16075,-66.67985,1,"NE",1,2015-02-09 07:05:00
"13","Puerto Rico","Adjuntas III","6877-5","JASV","JI","1",18.15467,-66.67981,0,"N/A",0,2015-02-09 08:20:00
"14","Puerto Rico","Adjuntas III","6877-4","JASV","JI","1",18.15528,-66.67844,0,"N/A",0,2015-02-09 07:55:00
"15","Puerto Rico","Adjuntas III","6877-3","JASV","JI","1",NA,NA,1,"NE",1,2015-02-09 07:27:00
"16","Puerto Rico","Aguas Buenas I","4602-4","JASF","CRB","1",18.26896,-66.12641,1,"NE",2,2015-01-28 08:10:00
"17","Puerto Rico","Aguas Buenas I","4602-2","JASF","CRB","1",18.27035,-66.12421,1,"NE",2,2015-01-28 06:41:00
"18","Puerto Rico","Aguas Buenas I","4602-3","JASF","CRB","1",18.26881,-66.12404,1,"NE",2,2015-01-28 07:09:00
"19","Puerto Rico","Aguas Buenas I","4602-5","JASF","CRB","1",18.26613,-66.1233,2,"NE",2,2015-01-28 08:40:00
"20","Puerto Rico","Aguas Buenas I","4602-1","JASF","CRB","1",18.27007,-66.12055,1,"NE",2,2015-01-28 07:37:00
"21","Puerto Rico","Aguas Buenas II","5717-3","JASF","CRB","1",18.21728,-66.13535,1,"NE",0,2015-01-29 08:18:00
"22","Puerto Rico","Aguas Buenas II","5717-1","JASF","CRB","1",18.21255,-66.13454,1,"NE",0,2015-01-29 07:14:00
"23","Puerto Rico","Aguas Buenas II","5717-5","JASF","CRB","1",18.21341,-66.13322,0,"NE",1,2015-01-29 06:44:00
"24","Puerto Rico","Aguas Buenas II","5717-2","JASF","CRB","1",18.21941,-66.13211,1,"NE",0,2015-01-29 08:54:00
"25","Puerto Rico","Aguas Buenas II","5717-4","JASF","CRB","1",18.21735,-66.13138,0,"NE",0,2015-01-29 07:45:00
"26","Puerto Rico","Aibonito","8280-2","JASF",NA,"1",18.08886,-66.24476,1,"NE",2,2015-03-26 07:29:00
"27","Puerto Rico","Aibonito","8280-1","JASF",NA,"1",18.08715,-66.24332,1,"NE",2,2015-03-26 06:57:00
"28","Puerto Rico","Aibonito","8280-5","JASF",NA,"1",18.08889,-66.23867,1,"NE",2,2015-03-26 09:30:00
"29","Puerto Rico","Aibonito","8280-4","JASF",NA,"1",18.08951,-66.23755,1,"NE",2,2015-03-26 08:53:00
"30","Puerto Rico","Aibonito","8280-3","JASF",NA,"1",18.09077,-66.23698,1,"NE",2,2015-03-26 08:16:00
"31","Puerto Rico","Arecibo","1342-4","JASV","PR","1",18.24405,-66.39309,0,"N/A",0,2015-02-05 08:54:00
"32","Puerto Rico","Arecibo","1342-1","JASV","PR","1",18.24544,-66.39216,0,"N/A",0,2015-02-05 07:20:00
"33","Puerto Rico","Arecibo","1342-2","JASV","PR","1",18.24493,-66.39183,0,"N/A",0,2015-02-05 08:00:00
"34","Puerto Rico","Arecibo","1342-3","JASV","PR","1",18.24378,-66.39157,0,"N/A",0,2015-02-05 08:28:00
"35","Puerto Rico","Arecibo","1342-5","JASV","PR","1",18.24387,-66.39157,0,"N/A",0,2015-02-05 09:23:00
"36","Puerto Rico","Barranquitas I","6746-1","JASF","JASV","1",18.16618,-66.35254,2,"NE",1,2015-02-24 06:54:00
"37","Puerto Rico","Barranquitas I","6746-3","JASF","JASV","1",18.16346,-66.34861,1,"NE",4,2015-02-24 08:10:00
"38","Puerto Rico","Barranquitas I","6746-4","JASF","JASV","1",18.16704,-66.34792,1,"NE",2,2015-02-24 08:41:00
"39","Puerto Rico","Barranquitas I","6746-5","JASF","JASV","1",18.16894,-66.34584,1,"NE",2,2015-02-24 09:23:00
"40","Puerto Rico","Barranquitas I","6746-2","JASF","JASV","1",NA,NA,3,"NE",2,2015-02-24 07:32:00
"41","Puerto Rico","Barranquitas II","6571-4","JASF",NA,"1",18.17125,-66.36742,1,"NE",2,2015-03-09 08:34:00
"42","Puerto Rico","Barranquitas II","6571-2","JASF",NA,"1",18.17312,-66.36327,2,"NE",4,2015-03-09 07:30:00
"43","Puerto Rico","Barranquitas II","6571-1","JASF",NA,"1",18.1746,-66.36275,2,"NE",4,2015-03-09 06:59:00
"44","Puerto Rico","Barranquitas II","6571-3","JASF",NA,"1",18.17197,-66.36152,1,"NE",2,2015-03-09 08:00:00
"45","Puerto Rico","BayamÜn","4037-1","JASF",NA,"1",18.29321,-66.16759,2,"NE",4,2015-03-13 07:03:00
"46","Puerto Rico","BayamÜn","4037-2","JASF",NA,"1",18.29226,-66.16537,1,"NE",4,2015-03-13 07:39:00
"47","Puerto Rico","BayamÜn","4037-3","JASF",NA,"1",18.28978,-66.1646,1,"NE",4,2015-03-13 08:06:00
"48","Puerto Rico","BayamÜn","4037-4","JASF",NA,"1",18.28913,-66.16316,2,"NE",4,2015-03-13 08:31:00
"49","Puerto Rico","BayamÜn","4037-5","JASF",NA,"1",18.28716,-66.16182,2,"NE",4,2015-03-13 08:59:00
"50","Puerto Rico","Cayey","7965-1","JASF","IG","1",NA,NA,0,"NE",0,2015-01-24 06:55:00
"51","Puerto Rico","Cayey","7965-2","JASF","IG","1",NA,NA,0,"NE",0,2015-01-24 07:50:00
"52","Puerto Rico","Cayey","7965-3","CCR",NA,"1",NA,NA,3,"NE",2,2015-01-24 07:47:00
"53","Puerto Rico","Cayey","7965-4","CCR",NA,"1",NA,NA,3,"NE",2,2015-01-24 07:22:00
"54","Puerto Rico","Cayey","7965-5","CCR",NA,"1",NA,NA,3,"NE",2,2015-01-24 06:55:00
"55","Puerto Rico","Ciales II","6204-5","JASF",NA,"1",18.19137,-66.52792,2,"NE",2,2015-03-29 08:25:00
"56","Puerto Rico","Ciales II","6204-3","JASF",NA,"1",18.1925,-66.52352,1,"NE",2,2015-03-29 07:26:00
"57","Puerto Rico","Ciales II","6204-4","JASF",NA,"1",18.19161,-66.52292,1,"NE",2,2015-03-29 07:54:00
"58","Puerto Rico","Ciales II","6204-2","JASF",NA,"1",18.19339,-66.52113,2,"NE",2,2015-03-29 06:55:00
"59","Puerto Rico","Ciales II","6204-1","JASF",NA,"1",18.19369,-66.52026,1,"NE",2,2015-03-29 06:25:00
"60","Puerto Rico","Cialitos","5111-4","JASV","JASF","1",18.14479,-66.31678,0,"N/A",1,2015-02-03 08:31:00
"61","Puerto Rico","Cialitos","5111-1","JASV","JASF","1",18.14392,-66.31659,0,"N/A",2,2015-02-03 07:01:00
"62","Puerto Rico","Cialitos","5111-2","JASV","JASF","1",18.14446,-66.31644,0,"N/A",2,2015-02-03 07:31:00
"63","Puerto Rico","Cialitos","5111-5","JASV","JASF","1",18.14536,-66.31622,2,"N/A",1,2015-02-03 09:06:00
"64","Puerto Rico","Cialitos","5111-3","JASV","JASF","1",18.14504,-66.3159,0,"N/A",2,2015-02-03 08:00:00
"65","Puerto Rico","Guanica","10602-5","JASF",NA,"1",17.94324,-66.94445,1,"NE",2,2015-03-27 08:55:00
"66","Puerto Rico","Guanica","10602-1","JASF",NA,"1",17.94183,-66.94299,1,"NE",1,2015-03-27 06:29:00
"67","Puerto Rico","Guanica","10602-4","JASF",NA,"1",17.94378,-66.94235,1,"NE",1,2015-03-27 08:24:00
"68","Puerto Rico","Guanica","10602-2","JASF",NA,"1",17.94143,-66.94154,1,"NE",1,2015-03-27 07:05:00
"69","Puerto Rico","Guanica","10602-3","JASF",NA,"1",17.93924,-66.93996,1,"NE",1,2015-03-27 07:35:00
"70","Puerto Rico","Jayuya I","5297-5","JASF","JACL","1",18.2346,-66.55792,3,"NE",1,2015-02-02 08:44:00
"71","Puerto Rico","Jayuya I","5297-4","JASF","JACL","1",18.23329,-66.55779,3,"NE",2,2015-02-02 08:12:00
"72","Puerto Rico","Jayuya I","5297-3","JASF","JACL","1",18.23284,-66.5575,3,"NE",2,2015-02-02 07:44:00
"73","Puerto Rico","Jayuya I","5297-1","JASF","JACL","1",18.22981,-66.55683,3,"NE",2,2015-02-02 06:46:00
"74","Puerto Rico","Jayuya I","5297-2","JASF","JACL","1",NA,NA,3,"NE",2,2015-02-02 07:16:00
"75","Puerto Rico","Jayuya II","7053-5","JASF",NA,"1",18.15164,-66.63471,1,"NE",2,2015-02-08 09:04:00
"76","Puerto Rico","Jayuya II","7053-2","JASF",NA,"1",18.15329,-66.63227,1,"NE",1,2015-02-08 07:24:00
"77","Puerto Rico","Jayuya II","7053-4","JASF",NA,"1",18.15078,-66.6322,1,"NE",2,2015-02-08 08:29:00
"78","Puerto Rico","Jayuya II","7053-3","JASF",NA,"1",18.15107,-66.63159,2,"NE",2,2015-02-08 07:59:00
"79","Puerto Rico","Jayuya II","7053-1","JASF",NA,"1",18.1503,-66.62914,2,"NE",2,2015-02-08 06:45:00
"80","Puerto Rico","Jayuya III","6719-5","JASV",NA,"1",18.16641,-66.577,0,"N/A",0,2015-03-24 08:30:00
"81","Puerto Rico","Jayuya III","6719-4","JASV",NA,"1",18.1631,-66.57625,0,"N/A",0,2015-03-24 08:10:00
"82","Puerto Rico","Jayuya III","6719-2","JASV",NA,"1",18.16637,-66.57441,0,"N/A",0,2015-03-24 06:53:00
"83","Puerto Rico","Jayuya III","6719-3","JASV",NA,"1",18.1644,-66.57214,0,"N/A",0,2015-03-24 07:15:00
"84","Puerto Rico","Jayuya III","6719-1","JASV",NA,"1",18.16791,-66.57717,1,"E",0,2015-03-24 06:23:00
"85","Puerto Rico","Jayuya IV","6716-5","JASF",NA,"1",18.16429,-66.59958,1,"NE",1,2015-03-24 08:43:00
"86","Puerto Rico","Jayuya IV","6716-4","JASF",NA,"1",18.16613,-66.59914,1,"NE",1,2015-03-24 08:08:00
"87","Puerto Rico","Jayuya IV","6716-2","JASF",NA,"1",18.16944,-66.59785,1,"NE",2,2015-03-24 06:57:00
"88","Puerto Rico","Jayuya IV","6716-3","JASF",NA,"1",18.16731,-66.59753,1,"NE",2,2015-03-24 07:29:00
"89","Puerto Rico","Jayuya IV","6716-1","JASF",NA,"1",18.16893,-66.59574,1,"NE",2,2015-03-24 06:19:00
"90","Puerto Rico","Jayuya V","4918-2","JASF",NA,"1",18.25154,-66.58632,1,"NE",2,2015-03-30 06:54:00
"91","Puerto Rico","Jayuya V","4918-1","JASF",NA,"1",18.25352,-66.58627,1,"NE",2,2015-03-30 06:30:00
"92","Puerto Rico","Jayuya V","4918-3","JASF",NA,"1",18.24952,-66.58281,1,"NE",2,2015-03-30 07:25:00
"93","Puerto Rico","Jayuya V","4918-4","JASF",NA,"1",18.2495,-66.58103,1,"NE",2,2015-03-30 07:55:00
"94","Puerto Rico","Jayuya V","4918-5","JASF",NA,"1",18.253,-66.57957,1,"NE",2,2015-03-30 08:31:00
"95","Puerto Rico","Jayuya VI","6881-2","JASV","WH","1",18.09587,-66.038956,2,"NE",5,2015-02-11 07:50:00
"96","Puerto Rico","Jayuya VI","6881-3","JASV","WH","1",18.0943,-66.038717,1,"NE",5,2015-02-11 08:15:00
"97","Puerto Rico","Jayuya VI","6881-1","JASV","WH","1",18.095441,-66.039134,1,"NE",5,2015-02-11 07:21:00
"98","Puerto Rico","Juncos","5373-1","JASF",NA,"1",18.23096,-65.92484,1,"NE",4,2015-02-17 07:04:00
"99","Puerto Rico","Juncos","5373-2","JASF",NA,"1",NA,NA,1,"NE",4,2015-02-17 07:37:00
"100","Puerto Rico","Juncos","5373-3","JASF",NA,"1",NA,NA,0,"N/A",1,2015-02-17 08:19:00
"101","Puerto Rico","Las Piedras","5194-3","JASF","CRB","1",18.24039,-65.84322,1,"NE",1,2015-02-05 08:27:00
"102","Puerto Rico","Las Piedras","5194-4","JASF","CRB","1",18.23789,-65.84288,1,"NE",0,2015-02-05 08:52:00
"103","Puerto Rico","Las Piedras","5194-2","JASF","CRB","1",18.23875,-65.83912,0,"N/A",1,2015-02-05 07:25:00
"104","Puerto Rico","Las Piedras","5194-5","JASF","CRB","1",18.23783,-65.83801,1,"NE",2,2015-02-05 07:56:00
"105","Puerto Rico","Las Piedras","5194-1","JASF","CRB","1",18.24323,-65.83634,0,"N/A",2,2015-02-05 06:58:00
"106","Puerto Rico","Maricao I","7194-1","CCR","JASV","1",NA,NA,0,"N/A",0,2015-01-23 08:35:00
"107","Puerto Rico","Maricao I","7194-2","CCR","JASV","1",NA,NA,0,"N/A",2,2015-01-23 07:08:00
"108","Puerto Rico","Maricao I","7194-3","CCR","JASV","1",NA,NA,0,"N/A",2,2015-01-23 07:41:00
"109","Puerto Rico","Maricao I","7194-4","JASF","AM","1",NA,NA,3,"NE",2,2015-01-23 07:05:00
"110","Puerto Rico","Maricao I","7194-5","JASF","AM","1",NA,NA,1,"NE",5,2015-01-23 07:45:00
"111","Puerto Rico","Maricao II","7015-1","JASF","CCR","1",NA,NA,2,"NE",0,2015-01-22 07:07:00
"112","Puerto Rico","Maricao II","7015-2","JASF","CCR","1",NA,NA,2,"NE",0,2015-01-22 07:30:00
"113","Puerto Rico","Maricao II","7015-3","JASF","CCR","1",NA,NA,1,"NE",0,2015-01-22 07:55:00
"114","Puerto Rico","Maricao II","7015-4","JASF","CCR","1",NA,NA,1,"NE",1,2015-01-22 07:31:00
"115","Puerto Rico","Maricao II","7015-5A","JASF","CCR","1",NA,NA,1,"NE",1,2015-01-22 09:02:00
"116","Puerto Rico","Maricao II","7015-5B","JASF","CCR","1",NA,NA,1,"NE",1,2015-01-22 09:02:00
"117","Puerto Rico","Morovis","2463-5","JASV","GR","1",18.35738,-66.43405,0,"N/A",0,2015-02-02 09:00:00
"118","Puerto Rico","Morovis","2463-4","JASV","GR","1",18.359,-66.4334,0,"N/A",0,2015-02-02 06:55:00
"119","Puerto Rico","Morovis","2463-2","JASV","GR","1",18.35751,-66.43124,0,"N/A",0,2015-02-02 07:55:00
"120","Puerto Rico","Morovis","2463-1","JASV","GR","1",18.35772,-66.42976,0,"N/A",0,2015-02-02 08:20:00
"121","Puerto Rico","Morovis","2463-3","JASV","GR","1",NA,NA,0,"N/A",0,2015-02-02 07:20:00
"122","Puerto Rico","Orocovis I","6740-1","JASF",NA,"1",18.16733,-66.40089,1,"NE",4,2015-02-25 06:47:00
"123","Puerto Rico","Orocovis I","6740-2","JASF",NA,"1",18.16536,-66.39941,1,"NE",2,2015-02-25 07:17:00
"124","Puerto Rico","Orocovis I","6740-3","JASF",NA,"1",18.1664,-66.3966,2,"NE",2,2015-02-25 07:51:00
"125","Puerto Rico","Orocovis I","6740-4","JASF",NA,"1",18.166,-66.39488,1,"NE",2,2015-02-25 08:23:00
"126","Puerto Rico","Orocovis II","6741-2","JASV",NA,"1",18.16762,-66.39094,1,"NE",1,2015-02-25 07:18:00
"127","Puerto Rico","Orocovis II","6741-3","JASV",NA,"1",18.17167,-66.38998,0,"N/A",1,2015-02-25 07:44:00
"128","Puerto Rico","Orocovis II","6741-1","JASV",NA,"1",NA,NA,0,"N/A",1,2015-02-25 06:42:00
"129","Puerto Rico","Orocovis III","6556-5","JASV",NA,"1",18.17408,-66.49159,0,"N/A",2,2015-02-26 09:03:00
"130","Puerto Rico","Orocovis III","6556-4","JASV",NA,"1",18.17248,-66.48896,1,"NE",2,2015-02-26 08:22:00
"131","Puerto Rico","Orocovis III","6556-1","JASV",NA,"1",18.17263,-66.48783,2,"N",0,2015-02-26 06:44:00
"132","Puerto Rico","Orocovis III","6556-3","JASV",NA,"1",18.17097,-66.48731,1,"NE",0,2015-02-26 07:57:00
"133","Puerto Rico","Orocovis III","6556-2","JASV",NA,"1",18.17776,-66.487,1,"N",0,2015-02-26 07:16:00
"134","Puerto Rico","Orocovis IV","6383-2","JASF",NA,"1",18.17905,-66.49189,2,"NE",4,2015-02-26 07:18:00
"135","Puerto Rico","Orocovis IV","6383-1","JASF",NA,"1",18.17909,-66.49001,2,"NE",4,2015-02-26 06:43:00
"136","Puerto Rico","Orocovis IV","6383-3","JASF",NA,"1",18.18102,-66.48973,1,"NE",4,2015-02-26 08:02:00
"137","Puerto Rico","Orocovis IV","6383-4","JASF",NA,"1",18.18164,-66.48816,1,"NE",2,2015-02-26 08:43:00
"138","Puerto Rico","Orocovis IV","6383-5","JASF",NA,"1",18.18135,-66.48605,2,"NE",2,2015-02-26 09:21:00
"139","Puerto Rico","Orocovis IX","5857-5","JASF",NA,"1",18.20673,-66.4698,2,"NE",1,2015-03-08 09:23:00
"140","Puerto Rico","Orocovis IX","5857-4","JASF",NA,"1",18.20453,-66.46759,1,"NE",1,2015-03-08 08:33:00
"141","Puerto Rico","Orocovis IX","5857-3","JASF",NA,"1",18.20429,-66.46529,2,"NE",2,2015-03-08 08:05:00
"142","Puerto Rico","Orocovis IX","5857-1","JASF",NA,"1",18.20502,-66.46416,2,"NE",4,2015-03-08 06:58:00
"143","Puerto Rico","Orocovis IX","5857-2","JASF",NA,"1",18.20432,-66.46362,2,"NE",2,2015-03-08 07:29:00
"144","Puerto Rico","Orocovis V","6384-1","JASV",NA,"1",18.18084,-66.48521,2,"NW",1,2015-02-27 06:55:00
"145","Puerto Rico","Orocovis V","6384-2","JASV",NA,"1",18.18217,-66.48511,2,"NW",1,2015-02-27 07:15:00
"146","Puerto Rico","Orocovis V","6384-3","JASV",NA,"1",18.18252,-66.48352,1,"NE",1,2015-02-27 07:33:00
"147","Puerto Rico","Orocovis V","6384-4","JASV",NA,"1",18.18366,-66.48174,2,"NE",0,2015-02-27 07:53:00
"148","Puerto Rico","Orocovis V","6384-5","JASV",NA,"1",18.18527,-66.48172,1,"NW",0,2015-02-27 08:15:00
"149","Puerto Rico","Orocovis VI","6212-3","JASF",NA,"1",18.19073,-66.45789,2,"NE",2,2015-02-27 07:54:00
"150","Puerto Rico","Orocovis VI","6212-2","JASF",NA,"1",18.18882,-66.45773,2,"NE",2,2015-02-27 07:23:00
"151","Puerto Rico","Orocovis VI","6212-5","JASF",NA,"1",18.19447,-66.45763,2,"NE",2,2015-02-27 09:00:00
"152","Puerto Rico","Orocovis VI","6212-4","JASF",NA,"1",18.19233,-66.4572,1,"NE",1,2015-02-27 08:32:00
"153","Puerto Rico","Orocovis VI","6212-1","JASF",NA,"1",18.18741,-66.45708,2,"NE",4,2015-02-27 06:47:00
"154","Puerto Rico","Orocovis VII","6562-5","JASF",NA,"1",18.17846,-66.44461,2,"NE",1,2015-03-06 09:45:00
"155","Puerto Rico","Orocovis VII","6562-4","JASF",NA,"1",18.17119,-66.44295,1,"NE",2,2015-03-06 09:17:00
"156","Puerto Rico","Orocovis VII","6562-3","JASF",NA,"1",18.17078,-66.44067,2,"NE",1,2015-03-06 08:46:00
"157","Puerto Rico","Orocovis VII","6562-2","JASF",NA,"1",18.17305,-66.43948,1,"NE",1,2015-03-06 07:45:00
"158","Puerto Rico","Orocovis VII","6562-1","JASF",NA,"1",18.17399,-66.43746,1,"NE",1,2015-03-06 07:13:00
"159","Puerto Rico","Orocovis VIII","6564-5","JASF",NA,"1",18.17668,-66.42578,1,"NE",4,2015-03-07 09:51:00
"160","Puerto Rico","Orocovis VIII","6564-2","JASF",NA,"1",18.17632,-66.42483,1,"NE",2,2015-03-07 07:56:00
"161","Puerto Rico","Orocovis VIII","6564-1","JASF",NA,"1",18.17997,-66.42445,1,"NE",2,2015-03-07 07:12:00
"162","Puerto Rico","Orocovis VIII","6564-4","JASF",NA,"1",18.17528,-66.4242,1,"NE",4,2015-03-07 09:06:00
"163","Puerto Rico","Orocovis VIII","6564-3","JASF",NA,"1",18.17583,-66.42419,2,"NE",2,2015-03-07 08:32:00
"164","Puerto Rico","Rio Grande II","3515-2","JASF",NA,"1",18.317427,-65.771003,0,"N/A",5,2015-02-14 07:45:00
"165","Puerto Rico","Rio Grande II","3515-4","JASF",NA,"1",18.31308,-65.770963,1,"NE",5,2015-02-14 09:28:00
"166","Puerto Rico","Rio Grande II","3515-3","JASF",NA,"1",18.315446,-65.770957,0,"N/A",5,2015-02-14 08:56:00
"167","Puerto Rico","Rio Grande II","3515-1","JASF",NA,"1",18.318791,-65.770266,2,"NE",2,2015-02-14 06:59:00
"168","Puerto Rico","Rio Grande III","4082-2","JASF","AP","1",18.29328,-65.79214,1,"NE",4,2015-02-15 07:46:00
"169","Puerto Rico","Rio Grande III","4082-3","JASF","AP","1",18.29217,-65.79167,1,"NE",4,2015-02-15 08:23:00
"170","Puerto Rico","Rio Grande III","4082-4","JASF","AP","1",18.28995,-65.79094,1,"NE",4,2015-02-15 09:00:00
"171","Puerto Rico","Rio Grande III","4082-1","JASF","AP","1",18.29475,-65.79077,1,"NE",2,2015-02-15 07:16:00
"172","Puerto Rico","Rio Grande IV","3896-5","JASV","WH","1",18.17696,-65.77473,2,"NE",5,2015-02-14 08:44:00
"173","Puerto Rico","Rio Grande IV","3896-3","JASV","WH","1",18.17899,-65.77468,1,"NE",2,2015-02-14 07:42:00
"174","Puerto Rico","Rio Grande IV","3896-4","JASV","WH","1",18.1779,-65.77434,0,"N/A",2,2015-02-14 08:07:00
"175","Puerto Rico","Rio Grande IV","3896-2","JASV","WH","1",18.17918,-65.77391,1,"NE",5,2015-02-14 07:19:00
"176","Puerto Rico","Rio Grande IV","3896-1","JASV","WH","1",18.17922,-65.77257,0,"N/A",2,2015-02-14 06:52:00
"177","Puerto Rico","Rêo Grande I","3504-1","JASF",NA,"1",18.31804,-65.86926,0,"N/A",1,2015-02-13 07:07:00
"178","Puerto Rico","Rêo Grande I","3504-5","JASF",NA,"1",18.31447,-65.8678,1,"NE",0,2015-02-13 09:26:00
"179","Puerto Rico","Rêo Grande I","3504-2","JASF",NA,"1",18.31714,-65.86745,1,"NE",0,2015-02-13 07:33:00
"180","Puerto Rico","Rêo Grande I","3504-3","JASF",NA,"1",18.31506,-65.86486,1,"NE",0,2015-02-13 08:03:00
"181","Puerto Rico","Rêo Grande I","3504-4","JASF",NA,"1",18.3133,-65.86393,1,"NE",0,2015-02-13 08:36:00
"182","Puerto Rico","San Lorenzo","7308-1","JASF",NA,"1",NA,NA,1,"NE",5,2015-02-19 07:04:00
"183","Puerto Rico","San Lorenzo","7308-2","JASF",NA,"1",NA,NA,1,"NE",4,2015-02-19 07:28:00
"184","Puerto Rico","San Lorenzo","7308-3","JASF",NA,"1",NA,NA,2,"NE",2,2015-02-19 07:49:00
"185","Puerto Rico","San Lorenzo","7308-4","JASF",NA,"1",NA,NA,1,"NE",2,2015-02-19 08:15:00
"186","Puerto Rico","San Lorenzo","7308-5","JASF",NA,"1",NA,NA,0,"N/A",1,2015-02-19 08:40:00
"187","Puerto Rico","Toa Alta","2092-3","JASV","JASF","1",18.37142,-66.32258,0,"N/A",2,2015-02-01 07:00:00
"188","Puerto Rico","Toa Alta","2092-5","JASV","JASF","1",18.37511,-66.3224,0,"N/A",1,2015-02-03 08:22:00
"189","Puerto Rico","Toa Alta","2092-4","JASV","JASF","1",18.37399,-66.32177,0,"N/A",1,2015-02-02 07:55:00
"190","Puerto Rico","Toa Alta","2092-2","JASV","JASF","1",18.37172,-66.32112,0,"N/A",2,2015-01-31 07:25:00
"191","Puerto Rico","Toa Alta","2092-1","JASV","JASF","1",18.37182,-66.31992,0,"N/A",2,2015-01-30 08:46:00
"192","Puerto Rico","Trujillo Alto","3294-5","JASF",NA,"1",18.32417,-66.01075,2,"NE",0,2015-02-10 08:46:00
"193","Puerto Rico","Trujillo Alto","3294-4","JASF",NA,"1",18.3231,-66.0105,1,"NE",0,2015-02-10 08:24:00
"194","Puerto Rico","Trujillo Alto","3294-3","JASF",NA,"1",18.32146,-66.01044,2,"NE",0,2015-02-10 08:02:00
"195","Puerto Rico","Trujillo Alto","3294-1","JASF",NA,"1",18.32208,-66.00808,0,"N/A",0,2015-02-10 07:17:00
"196","Puerto Rico","Trujillo Alto","3294-2","JASF",NA,"1",18.32132,-66.00713,2,"NE",0,2015-02-10 07:39:00
"197","Puerto Rico","Utuado","3964-4","JASV",NA,"1",18.17418,-66.464001,1,"NE",0,2015-02-06 08:40:00
"198","Puerto Rico","Utuado","3964-5","JASV",NA,"1",18.173601,-66.463997,1,"NE",0,2015-02-06 09:20:00
"199","Puerto Rico","Utuado","3964-3","JASV",NA,"1",18.173359,-66.46236,1,"NE",0,2015-02-06 07:52:00
"200","Puerto Rico","Utuado","3964-2","JASV",NA,"1",18.17286,-66.461799,1,"NE",0,2015-02-06 07:12:00
"201","Puerto Rico","Utuado","3964-1","JASV",NA,"1",18.172596,-66.46114,1,"NE",0,2015-02-06 06:37:00
"202","Puerto Rico","Yabucoa I","8835-4","JASF",NA,"1",18.06601,-65.81813,1,"NE",2,2015-02-12 08:47:00
"203","Puerto Rico","Yabucoa I","8835-5","JASF",NA,"1",18.06497,-65.81794,2,"NE",1,2015-02-12 09:14:00
"204","Puerto Rico","Yabucoa I","8835-3","JASF",NA,"1",18.06363,-65.81385,1,"NE",1,2015-02-12 08:15:00
"205","Puerto Rico","Yabucoa I","8835-2","JASF",NA,"1",18.06555,-65.81379,1,"NE",1,2015-02-12 07:47:00
"206","Puerto Rico","Yabucoa I","8835-1","JASF",NA,"1",18.06732,-65.81258,1,"NE",1,2015-02-12 07:11:00
"207","Puerto Rico","Yabucoa II","8483-2","JASF",NA,"1",18.08462,-65.95924,1,"NE",2,2015-03-19 07:35:00
"208","Puerto Rico","Yabucoa II","8483-1","JASF",NA,"1",18.08671,-65.95793,1,"NE",2,2015-03-19 07:09:00
"209","Puerto Rico","Yabucoa II","8483-3","JASF",NA,"1",18.08529,-65.95786,1,"NE",2,2015-03-19 08:01:00
"210","Puerto Rico","Yabucoa II","8483-4","JASF",NA,"1",18.08393,-65.95694,1,"NE",2,2015-03-19 08:25:00
"211","Puerto Rico","Yabucoa II","8483-5","JASF",NA,"1",18.08147,-65.95418,1,"NE",2,2015-03-19 08:55:00
"212","Puerto Rico","Adjuntas I","6000-5","JASF","JASV","2",18.12156,-66.45748,1,"NE",0,2015-02-06 08:49:00
"213","Puerto Rico","Adjuntas I","6000-4","JASF","JASV","2",18.12075,-66.45516,1,"NE",0,2015-02-06 08:16:00
"214","Puerto Rico","Adjuntas I","6000-3","JASF","JASV","2",18.12071,-66.45397,1,"NE",0,2015-02-06 07:46:00
"215","Puerto Rico","Adjuntas I","6000-2","JASF","JASV","2",18.1239,-66.45297,1,"NE",1,2015-02-06 07:16:00
"216","Puerto Rico","Adjuntas I","6000-1","JASF","JASV","2",18.12042,-66.45186,1,"NE",4,2015-02-06 06:47:00
"217","Puerto Rico","Adjuntas II","7717-1","JASF",NA,"2",18.11245,-66.73895,1,"NE",4,2015-02-09 07:31:00
"218","Puerto Rico","Adjuntas II","7717-4","JASF",NA,"2",18.11448,-66.73521,3,"NE",2,2015-02-09 06:54:00
"219","Puerto Rico","Adjuntas II","7717-3","JASF",NA,"2",18.11286,-66.73275,1,"NE",2,2015-02-09 08:25:00
"220","Puerto Rico","Adjuntas II","7717-5","JASF",NA,"2",18.11531,-66.73275,1,"NE",1,2015-02-09 09:10:00
"221","Puerto Rico","Adjuntas II","7717-2","JASF",NA,"2",18.11271,-66.73073,1,"NE",2,2015-02-09 07:59:00
"222","Puerto Rico","Adjuntas III","6877-1","JASV","JI","2",18.16263,-66.68069,2,"NE",1,2015-02-09 06:53:00
"223","Puerto Rico","Adjuntas III","6877-2","JASV","JI","2",18.16075,-66.67985,1,"NE",1,2015-02-09 07:12:00
"224","Puerto Rico","Adjuntas III","6877-5","JASV","JI","2",18.15467,-66.67981,0,"N/A",0,2015-02-09 08:24:00
"225","Puerto Rico","Adjuntas III","6877-4","JASV","JI","2",18.15528,-66.67844,0,"N/A",0,2015-02-09 08:01:00
"226","Puerto Rico","Adjuntas III","6877-3","JASV","JI","2",NA,NA,1,"NE",1,2015-02-09 07:31:00
"227","Puerto Rico","Aguas Buenas I","4602-4","JASF","CRB","2",18.26896,-66.12641,1,"NE",2,2015-01-28 08:16:00
"228","Puerto Rico","Aguas Buenas I","4602-2","JASF","CRB","2",18.27035,-66.12421,1,"NE",2,2015-01-28 06:48:00
"229","Puerto Rico","Aguas Buenas I","4602-3","JASF","CRB","2",18.26881,-66.12404,1,"NE",2,2015-01-28 07:15:00
"230","Puerto Rico","Aguas Buenas I","4602-5","JASF","CRB","2",18.26613,-66.1233,2,"NE",2,2015-01-28 08:48:00
"231","Puerto Rico","Aguas Buenas I","4602-1","JASF","CRB","2",18.27007,-66.12055,1,"NE",2,2015-01-28 07:44:00
"232","Puerto Rico","Aguas Buenas II","5717-3","JASF","CRB","2",18.21728,-66.13535,1,"NE",0,2015-01-29 08:24:00
"233","Puerto Rico","Aguas Buenas II","5717-1","JASF","CRB","2",18.21255,-66.13454,1,"NE",0,2015-01-29 07:19:00
"234","Puerto Rico","Aguas Buenas II","5717-5","JASF","CRB","2",18.21341,-66.13322,0,"NE",1,2015-01-29 06:50:00
"235","Puerto Rico","Aguas Buenas II","5717-2","JASF","CRB","2",18.21941,-66.13211,1,"NE",0,2015-01-29 09:00:00
"236","Puerto Rico","Aguas Buenas II","5717-4","JASF","CRB","2",18.21735,-66.13138,0,"NE",0,2015-01-29 07:52:00
"237","Puerto Rico","Aibonito","8280-2","JASF",NA,"2",18.08886,-66.24476,1,"NE",2,2015-03-26 07:34:00
"238","Puerto Rico","Aibonito","8280-1","JASF",NA,"2",18.08715,-66.24332,1,"NE",2,2015-03-26 07:03:00
"239","Puerto Rico","Aibonito","8280-5","JASF",NA,"2",18.08889,-66.23867,1,"NE",2,2015-03-26 09:36:00
"240","Puerto Rico","Aibonito","8280-4","JASF",NA,"2",18.08951,-66.23755,1,"NE",2,2015-03-26 08:57:00
"241","Puerto Rico","Aibonito","8280-3","JASF",NA,"2",18.09077,-66.23698,1,"NE",2,2015-03-26 08:21:00
"242","Puerto Rico","Arecibo","1342-4","JASV","PR","2",18.24405,-66.39309,0,"N/A",0,2015-02-05 08:59:00
"243","Puerto Rico","Arecibo","1342-1","JASV","PR","2",18.24544,-66.39216,0,"N/A",0,2015-02-05 07:37:00
"244","Puerto Rico","Arecibo","1342-2","JASV","PR","2",18.24493,-66.39183,0,"N/A",0,2015-02-05 08:06:00
"245","Puerto Rico","Arecibo","1342-3","JASV","PR","2",18.24378,-66.39157,0,"N/A",0,2015-02-05 08:33:00
"246","Puerto Rico","Arecibo","1342-5","JASV","PR","2",18.24387,-66.39157,0,"N/A",0,2015-02-05 09:29:00
"247","Puerto Rico","Barranquitas I","6746-1","JASF","JASV","2",18.16618,-66.35254,2,"NE",1,2015-02-24 07:01:00
"248","Puerto Rico","Barranquitas I","6746-3","JASF","JASV","2",18.16346,-66.34861,1,"NE",4,2015-02-24 08:16:00
"249","Puerto Rico","Barranquitas I","6746-4","JASF","JASV","2",18.16704,-66.34792,1,"NE",2,2015-02-24 08:46:00
"250","Puerto Rico","Barranquitas I","6746-5","JASF","JASV","2",18.16894,-66.34584,1,"NE",2,2015-02-24 09:29:00
"251","Puerto Rico","Barranquitas I","6746-2","JASF","JASV","2",NA,NA,3,"NE",2,2015-02-24 07:38:00
"252","Puerto Rico","Barranquitas II","6571-4","JASF",NA,"2",18.17125,-66.36742,1,"NE",2,2015-03-09 08:39:00
"253","Puerto Rico","Barranquitas II","6571-2","JASF",NA,"2",18.17312,-66.36327,2,"NE",4,2015-03-09 07:34:00
"254","Puerto Rico","Barranquitas II","6571-1","JASF",NA,"2",18.1746,-66.36275,2,"NE",4,2015-03-09 07:04:00
"255","Puerto Rico","Barranquitas II","6571-3","JASF",NA,"2",18.17197,-66.36152,1,"NE",2,2015-03-09 08:05:00
"256","Puerto Rico","BayamÜn","4037-1","JASF",NA,"2",18.29321,-66.16759,2,"NE",4,2015-03-13 07:13:00
"257","Puerto Rico","BayamÜn","4037-2","JASF",NA,"2",18.29226,-66.16537,1,"NE",4,2015-03-13 07:44:00
"258","Puerto Rico","BayamÜn","4037-3","JASF",NA,"2",18.28978,-66.1646,1,"NE",4,2015-03-13 08:12:00
"259","Puerto Rico","BayamÜn","4037-4","JASF",NA,"2",18.28913,-66.16316,2,"NE",4,2015-03-13 08:37:00
"260","Puerto Rico","BayamÜn","4037-5","JASF",NA,"2",18.28716,-66.16182,2,"NE",4,2015-03-13 09:06:00
"261","Puerto Rico","Cayey","7965-1","JASF","IG","2",NA,NA,0,"NE",0,2015-01-24 07:05:00
"262","Puerto Rico","Cayey","7965-2","JASF","IG","2",NA,NA,0,"NE",0,2015-01-24 07:57:00
"263","Puerto Rico","Cayey","7965-3","CCR",NA,"2",NA,NA,3,"NE",2,2015-01-24 07:52:00
"264","Puerto Rico","Cayey","7965-4","CCR",NA,"2",NA,NA,3,"NE",2,2015-01-24 07:28:00
"265","Puerto Rico","Cayey","7965-5","CCR",NA,"2",NA,NA,3,"NE",2,2015-01-24 07:00:00
"266","Puerto Rico","Ciales II","6204-5","JASF",NA,"2",18.19137,-66.52792,2,"NE",2,2015-03-29 08:30:00
"267","Puerto Rico","Ciales II","6204-3","JASF",NA,"2",18.1925,-66.52352,1,"NE",2,2015-03-29 07:31:00
"268","Puerto Rico","Ciales II","6204-4","JASF",NA,"2",18.19161,-66.52292,1,"NE",2,2015-03-29 07:58:00
"269","Puerto Rico","Ciales II","6204-2","JASF",NA,"2",18.19339,-66.52113,2,"NE",2,2015-03-29 07:00:00
"270","Puerto Rico","Ciales II","6204-1","JASF",NA,"2",18.19369,-66.52026,1,"NE",2,2015-03-29 06:33:00
"271","Puerto Rico","Cialitos","5111-4","JASV","JASF","2",18.14479,-66.31678,0,"N/A",1,2015-02-03 08:36:00
"272","Puerto Rico","Cialitos","5111-1","JASV","JASF","2",18.14392,-66.31659,0,"N/A",2,2015-02-03 07:07:00
"273","Puerto Rico","Cialitos","5111-2","JASV","JASF","2",18.14446,-66.31644,0,"N/A",2,2015-02-03 07:36:00
"274","Puerto Rico","Cialitos","5111-5","JASV","JASF","2",18.14536,-66.31622,2,"N/A",1,2015-02-03 09:11:00
"275","Puerto Rico","Cialitos","5111-3","JASV","JASF","2",18.14504,-66.3159,0,"N/A",2,2015-02-03 08:06:00
"276","Puerto Rico","Guanica","10602-5","JASF",NA,"2",17.94324,-66.94445,1,"NE",2,2015-03-27 09:00:00
"277","Puerto Rico","Guanica","10602-1","JASF",NA,"2",17.94183,-66.94299,1,"NE",1,2015-03-27 06:35:00
"278","Puerto Rico","Guanica","10602-4","JASF",NA,"2",17.94378,-66.94235,1,"NE",1,2015-03-27 08:29:00
"279","Puerto Rico","Guanica","10602-2","JASF",NA,"2",17.94143,-66.94154,1,"NE",1,2015-03-27 07:11:00
"280","Puerto Rico","Guanica","10602-3","JASF",NA,"2",17.93924,-66.93996,1,"NE",1,2015-03-27 07:42:00
"281","Puerto Rico","Jayuya I","5297-5","JASF","JACL","2",18.2346,-66.55792,3,"NE",1,2015-02-02 08:52:00
"282","Puerto Rico","Jayuya I","5297-4","JASF","JACL","2",18.23329,-66.55779,3,"NE",2,2015-02-02 08:18:00
"283","Puerto Rico","Jayuya I","5297-3","JASF","JACL","2",18.23284,-66.5575,3,"NE",2,2015-02-02 07:50:00
"284","Puerto Rico","Jayuya I","5297-1","JASF","JACL","2",18.22981,-66.55683,3,"NE",2,2015-02-02 06:52:00
"285","Puerto Rico","Jayuya I","5297-2","JASF","JACL","2",NA,NA,3,"NE",2,2015-02-02 07:23:00
"286","Puerto Rico","Jayuya II","7053-5","JASF",NA,"2",18.15164,-66.63471,1,"NE",2,2015-02-08 09:09:00
"287","Puerto Rico","Jayuya II","7053-2","JASF",NA,"2",18.15329,-66.63227,1,"NE",1,2015-02-08 07:31:00
"288","Puerto Rico","Jayuya II","7053-4","JASF",NA,"2",18.15078,-66.6322,1,"NE",2,2015-02-08 08:35:00
"289","Puerto Rico","Jayuya II","7053-3","JASF",NA,"2",18.15107,-66.63159,2,"NE",2,2015-02-08 08:07:00
"290","Puerto Rico","Jayuya II","7053-1","JASF",NA,"2",18.1503,-66.62914,2,"NE",2,2015-02-08 06:52:00
"291","Puerto Rico","Jayuya III","6719-5","JASV",NA,"2",18.16641,-66.577,0,"N/A",0,2015-03-24 08:36:00
"292","Puerto Rico","Jayuya III","6719-4","JASV",NA,"2",18.1631,-66.57625,0,"N/A",0,2015-03-24 08:15:00
"293","Puerto Rico","Jayuya III","6719-2","JASV",NA,"2",18.16637,-66.57441,0,"N/A",0,2015-03-24 06:59:00
"294","Puerto Rico","Jayuya III","6719-3","JASV",NA,"2",18.1644,-66.57214,0,"N/A",0,2015-03-24 07:20:00
"295","Puerto Rico","Jayuya III","6719-1","JASV",NA,"2",18.16791,-66.57717,1,"E",0,2015-03-24 06:29:00
"296","Puerto Rico","Jayuya IV","6716-5","JASF",NA,"2",18.16429,-66.59958,1,"NE",1,2015-03-24 08:49:00
"297","Puerto Rico","Jayuya IV","6716-4","JASF",NA,"2",18.16613,-66.59914,1,"NE",1,2015-03-24 08:13:00
"298","Puerto Rico","Jayuya IV","6716-2","JASF",NA,"2",18.16944,-66.59785,1,"NE",2,2015-03-24 07:02:00
"299","Puerto Rico","Jayuya IV","6716-3","JASF",NA,"2",18.16731,-66.59753,1,"NE",2,2015-03-24 07:35:00
"300","Puerto Rico","Jayuya IV","6716-1","JASF",NA,"2",18.16893,-66.59574,1,"NE",2,2015-03-24 06:26:00
"301","Puerto Rico","Jayuya V","4918-2","JASF",NA,"2",18.25154,-66.58632,1,"NE",2,2015-03-30 06:59:00
"302","Puerto Rico","Jayuya V","4918-1","JASF",NA,"2",18.25352,-66.58627,1,"NE",2,2015-03-30 06:35:00
"303","Puerto Rico","Jayuya V","4918-3","JASF",NA,"2",18.24952,-66.58281,1,"NE",2,2015-03-30 07:31:00
"304","Puerto Rico","Jayuya V","4918-4","JASF",NA,"2",18.2495,-66.58103,1,"NE",2,2015-03-30 08:01:00
"305","Puerto Rico","Jayuya V","4918-5","JASF",NA,"2",18.253,-66.57957,1,"NE",2,2015-03-30 08:36:00
"306","Puerto Rico","Jayuya VI","6881-2","JASV","WH","2",18.09587,-66.038956,2,"NE",5,2015-02-11 07:56:00
"307","Puerto Rico","Jayuya VI","6881-3","JASV","WH","2",18.0943,-66.038717,1,"NE",5,2015-02-11 08:22:00
"308","Puerto Rico","Jayuya VI","6881-1","JASV","WH","2",18.095441,-66.039134,1,"NE",5,2015-02-11 07:32:00
"309","Puerto Rico","Juncos","5373-1","JASF",NA,"2",18.23096,-65.92484,1,"NE",4,2015-02-17 07:10:00
"310","Puerto Rico","Juncos","5373-2","JASF",NA,"2",NA,NA,1,"NE",4,2015-02-17 07:42:00
"311","Puerto Rico","Juncos","5373-3","JASF",NA,"2",NA,NA,0,"N/A",1,2015-02-17 08:25:00
"312","Puerto Rico","Las Piedras","5194-3","JASF","CRB","2",18.24039,-65.84322,1,"NE",1,2015-02-05 08:32:00
"313","Puerto Rico","Las Piedras","5194-4","JASF","CRB","2",18.23789,-65.84288,1,"NE",0,2015-02-05 08:57:00
"314","Puerto Rico","Las Piedras","5194-2","JASF","CRB","2",18.23875,-65.83912,0,"N/A",1,2015-02-05 07:30:00
"315","Puerto Rico","Las Piedras","5194-5","JASF","CRB","2",18.23783,-65.83801,1,"NE",2,2015-02-05 08:01:00
"316","Puerto Rico","Las Piedras","5194-1","JASF","CRB","2",18.24323,-65.83634,0,"N/A",2,2015-02-05 07:04:00
"317","Puerto Rico","Maricao I","7194-1","CCR","JASV","2",NA,NA,0,"N/A",0,2015-01-23 08:41:00
"318","Puerto Rico","Maricao I","7194-2","CCR","JASV","2",NA,NA,0,"N/A",2,2015-01-23 07:13:00
"319","Puerto Rico","Maricao I","7194-3","CCR","JASV","2",NA,NA,0,"N/A",2,2015-01-23 07:52:00
"320","Puerto Rico","Maricao I","7194-4","JASF","AM","2",NA,NA,3,"NE",2,2015-01-23 07:15:00
"321","Puerto Rico","Maricao I","7194-5","JASF","AM","2",NA,NA,1,"NE",5,2015-01-23 07:52:00
"322","Puerto Rico","Maricao II","7015-1","JASF","CCR","2",NA,NA,2,"NE",0,2015-01-22 07:10:00
"323","Puerto Rico","Maricao II","7015-2","JASF","CCR","2",NA,NA,2,"NE",0,2015-01-22 07:35:00
"324","Puerto Rico","Maricao II","7015-3","JASF","CCR","2",NA,NA,1,"NE",0,2015-01-22 08:00:00
"325","Puerto Rico","Maricao II","7015-4","JASF","CCR","2",NA,NA,1,"NE",1,2015-01-22 07:36:00
"326","Puerto Rico","Maricao II","7015-5A","JASF","CCR","2",NA,NA,1,"NE",1,2015-01-22 09:07:00
"327","Puerto Rico","Maricao II","7015-5B","JASF","CCR","2",NA,NA,1,"NE",1,2015-01-22 09:07:00
"328","Puerto Rico","Morovis","2463-5","JASV","GR","2",18.35738,-66.43405,0,"N/A",0,2015-02-02 09:10:00
"329","Puerto Rico","Morovis","2463-4","JASV","GR","2",18.359,-66.4334,0,"N/A",0,2015-02-02 07:00:00
"330","Puerto Rico","Morovis","2463-2","JASV","GR","2",18.35751,-66.43124,0,"N/A",0,2015-02-02 08:04:00
"331","Puerto Rico","Morovis","2463-1","JASV","GR","2",18.35772,-66.42976,0,"N/A",0,2015-02-02 08:27:00
"332","Puerto Rico","Morovis","2463-3","JASV","GR","2",NA,NA,0,"N/A",0,2015-02-02 07:27:00
"333","Puerto Rico","Orocovis I","6740-1","JASF",NA,"2",18.16733,-66.40089,1,"NE",4,2015-02-25 06:55:00
"334","Puerto Rico","Orocovis I","6740-2","JASF",NA,"2",18.16536,-66.39941,1,"NE",2,2015-02-25 07:23:00
"335","Puerto Rico","Orocovis I","6740-3","JASF",NA,"2",18.1664,-66.3966,2,"NE",2,2015-02-25 07:58:00
"336","Puerto Rico","Orocovis I","6740-4","JASF",NA,"2",18.166,-66.39488,1,"NE",2,2015-02-25 08:29:00
"337","Puerto Rico","Orocovis II","6741-2","JASV",NA,"2",18.16762,-66.39094,1,"NE",1,2015-02-25 07:23:00
"338","Puerto Rico","Orocovis II","6741-3","JASV",NA,"2",18.17167,-66.38998,0,"N/A",1,2015-02-25 07:50:00
"339","Puerto Rico","Orocovis II","6741-1","JASV",NA,"2",NA,NA,0,"N/A",1,2015-02-25 06:57:00
"340","Puerto Rico","Orocovis III","6556-5","JASV",NA,"2",18.17408,-66.49159,0,"N/A",2,2015-02-26 09:08:00
"341","Puerto Rico","Orocovis III","6556-4","JASV",NA,"2",18.17248,-66.48896,1,"NE",2,2015-02-26 08:26:00
"342","Puerto Rico","Orocovis III","6556-1","JASV",NA,"2",18.17263,-66.48783,2,"N",0,2015-02-26 06:49:00
"343","Puerto Rico","Orocovis III","6556-3","JASV",NA,"2",18.17097,-66.48731,1,"NE",0,2015-02-26 08:02:00
"344","Puerto Rico","Orocovis III","6556-2","JASV",NA,"2",18.17776,-66.487,1,"N",0,2015-02-26 07:22:00
"345","Puerto Rico","Orocovis IV","6383-2","JASF",NA,"2",18.17905,-66.49189,2,"NE",4,2015-02-26 07:27:00
"346","Puerto Rico","Orocovis IV","6383-1","JASF",NA,"2",18.17909,-66.49001,2,"NE",4,2015-02-26 06:51:00
"347","Puerto Rico","Orocovis IV","6383-3","JASF",NA,"2",18.18102,-66.48973,1,"NE",4,2015-02-26 08:09:00
"348","Puerto Rico","Orocovis IV","6383-4","JASF",NA,"2",18.18164,-66.48816,1,"NE",2,2015-02-26 08:49:00
"349","Puerto Rico","Orocovis IV","6383-5","JASF",NA,"2",18.18135,-66.48605,2,"NE",2,2015-02-26 09:27:00
"350","Puerto Rico","Orocovis IX","5857-5","JASF",NA,"2",18.20673,-66.4698,2,"NE",1,2015-03-08 09:29:00
"351","Puerto Rico","Orocovis IX","5857-4","JASF",NA,"2",18.20453,-66.46759,1,"NE",1,2015-03-08 08:44:00
"352","Puerto Rico","Orocovis IX","5857-3","JASF",NA,"2",18.20429,-66.46529,2,"NE",2,2015-03-08 08:10:00
"353","Puerto Rico","Orocovis IX","5857-1","JASF",NA,"2",18.20502,-66.46416,2,"NE",4,2015-03-08 07:04:00
"354","Puerto Rico","Orocovis IX","5857-2","JASF",NA,"2",18.20432,-66.46362,2,"NE",2,2015-03-08 07:36:00
"355","Puerto Rico","Orocovis V","6384-1","JASV",NA,"2",18.18084,-66.48521,2,"NW",1,2015-02-27 07:00:00
"356","Puerto Rico","Orocovis V","6384-2","JASV",NA,"2",18.18217,-66.48511,2,"NW",1,2015-02-27 07:20:00
"357","Puerto Rico","Orocovis V","6384-3","JASV",NA,"2",18.18252,-66.48352,1,"NE",1,2015-02-27 07:37:00
"358","Puerto Rico","Orocovis V","6384-4","JASV",NA,"2",18.18366,-66.48174,2,"NE",0,2015-02-27 07:57:00
"359","Puerto Rico","Orocovis V","6384-5","JASV",NA,"2",18.18527,-66.48172,1,"NW",0,2015-02-27 08:19:00
"360","Puerto Rico","Orocovis VI","6212-3","JASF",NA,"2",18.19073,-66.45789,2,"NE",2,2015-02-27 08:00:00
"361","Puerto Rico","Orocovis VI","6212-2","JASF",NA,"2",18.18882,-66.45773,2,"NE",2,2015-02-27 07:29:00
"362","Puerto Rico","Orocovis VI","6212-5","JASF",NA,"2",18.19447,-66.45763,2,"NE",2,2015-02-27 09:06:00
"363","Puerto Rico","Orocovis VI","6212-4","JASF",NA,"2",18.19233,-66.4572,1,"NE",1,2015-02-27 08:36:00
"364","Puerto Rico","Orocovis VI","6212-1","JASF",NA,"2",18.18741,-66.45708,2,"NE",4,2015-02-27 06:53:00
"365","Puerto Rico","Orocovis VII","6562-5","JASF",NA,"2",18.17846,-66.44461,2,"NE",1,2015-03-06 09:53:00
"366","Puerto Rico","Orocovis VII","6562-4","JASF",NA,"2",18.17119,-66.44295,1,"NE",2,2015-03-06 09:21:00
"367","Puerto Rico","Orocovis VII","6562-3","JASF",NA,"2",18.17078,-66.44067,2,"NE",1,2015-03-06 08:52:00
"368","Puerto Rico","Orocovis VII","6562-2","JASF",NA,"2",18.17305,-66.43948,1,"NE",1,2015-03-06 07:52:00
"369","Puerto Rico","Orocovis VII","6562-1","JASF",NA,"2",18.17399,-66.43746,1,"NE",1,2015-03-06 07:19:00
"370","Puerto Rico","Orocovis VIII","6564-5","JASF",NA,"2",18.17668,-66.42578,1,"NE",4,2015-03-07 09:56:00
"371","Puerto Rico","Orocovis VIII","6564-2","JASF",NA,"2",18.17632,-66.42483,1,"NE",2,2015-03-07 08:01:00
"372","Puerto Rico","Orocovis VIII","6564-1","JASF",NA,"2",18.17997,-66.42445,1,"NE",2,2015-03-07 07:17:00
"373","Puerto Rico","Orocovis VIII","6564-4","JASF",NA,"2",18.17528,-66.4242,1,"NE",4,2015-03-07 09:11:00
"374","Puerto Rico","Orocovis VIII","6564-3","JASF",NA,"2",18.17583,-66.42419,2,"NE",2,2015-03-07 08:38:00
"375","Puerto Rico","Rio Grande II","3515-2","JASF",NA,"2",18.317427,-65.771003,0,"N/A",5,2015-02-14 07:50:00
"376","Puerto Rico","Rio Grande II","3515-4","JASF",NA,"2",18.31308,-65.770963,1,"NE",5,2015-02-14 09:34:00
"377","Puerto Rico","Rio Grande II","3515-3","JASF",NA,"2",18.315446,-65.770957,0,"N/A",5,2015-02-14 09:04:00
"378","Puerto Rico","Rio Grande II","3515-1","JASF",NA,"2",18.318791,-65.770266,2,"NE",2,2015-02-14 07:05:00
"379","Puerto Rico","Rio Grande III","4082-2","JASF","AP","2",18.29328,-65.79214,1,"NE",4,2015-02-15 07:54:00
"380","Puerto Rico","Rio Grande III","4082-3","JASF","AP","2",18.29217,-65.79167,1,"NE",4,2015-02-15 08:28:00
"381","Puerto Rico","Rio Grande III","4082-4","JASF","AP","2",18.28995,-65.79094,1,"NE",4,2015-02-15 09:06:00
"382","Puerto Rico","Rio Grande III","4082-1","JASF","AP","2",18.29475,-65.79077,1,"NE",2,2015-02-15 07:21:00
"383","Puerto Rico","Rio Grande IV","3896-5","JASV","WH","2",18.17696,-65.77473,2,"NE",5,2015-02-14 08:48:00
"384","Puerto Rico","Rio Grande IV","3896-3","JASV","WH","2",18.17899,-65.77468,1,"NE",2,2015-02-14 07:47:00
"385","Puerto Rico","Rio Grande IV","3896-4","JASV","WH","2",18.1779,-65.77434,0,"N/A",2,2015-02-14 08:28:00
"386","Puerto Rico","Rio Grande IV","3896-2","JASV","WH","2",18.17918,-65.77391,1,"NE",5,2015-02-14 07:24:00
"387","Puerto Rico","Rio Grande IV","3896-1","JASV","WH","2",18.17922,-65.77257,0,"N/A",2,2015-02-14 07:00:00
"388","Puerto Rico","Rêo Grande I","3504-1","JASF",NA,"2",18.31804,-65.86926,0,"N/A",1,2015-02-13 07:10:00
"389","Puerto Rico","Rêo Grande I","3504-5","JASF",NA,"2",18.31447,-65.8678,1,"NE",0,2015-02-13 09:32:00
"390","Puerto Rico","Rêo Grande I","3504-2","JASF",NA,"2",18.31714,-65.86745,1,"NE",0,2015-02-13 07:40:00
"391","Puerto Rico","Rêo Grande I","3504-3","JASF",NA,"2",18.31506,-65.86486,1,"NE",0,2015-02-13 08:10:00
"392","Puerto Rico","Rêo Grande I","3504-4","JASF",NA,"2",18.3133,-65.86393,1,"NE",0,2015-02-13 08:41:00
"393","Puerto Rico","San Lorenzo","7308-1","JASF",NA,"2",NA,NA,1,"NE",5,2015-02-19 07:10:00
"394","Puerto Rico","San Lorenzo","7308-2","JASF",NA,"2",NA,NA,1,"NE",4,2015-02-19 07:33:00
"395","Puerto Rico","San Lorenzo","7308-3","JASF",NA,"2",NA,NA,2,"NE",2,2015-02-19 07:54:00
"396","Puerto Rico","San Lorenzo","7308-4","JASF",NA,"2",NA,NA,1,"NE",2,2015-02-19 08:21:00
"397","Puerto Rico","San Lorenzo","7308-5","JASF",NA,"2",NA,NA,0,"N/A",1,2015-02-19 08:44:00
"398","Puerto Rico","Toa Alta","2092-3","JASV","JASF","2",18.37142,-66.32258,0,"N/A",2,2015-02-01 07:05:00
"399","Puerto Rico","Toa Alta","2092-5","JASV","JASF","2",18.37511,-66.3224,0,"N/A",1,2015-02-03 08:26:00
"400","Puerto Rico","Toa Alta","2092-4","JASV","JASF","2",18.37399,-66.32177,0,"N/A",1,2015-02-02 08:02:00
"401","Puerto Rico","Toa Alta","2092-2","JASV","JASF","2",18.37172,-66.32112,0,"N/A",2,2015-01-31 07:36:00
"402","Puerto Rico","Toa Alta","2092-1","JASV","JASF","2",18.37182,-66.31992,0,"N/A",2,2015-01-30 08:52:00
"403","Puerto Rico","Trujillo Alto","3294-5","JASF",NA,"2",18.32417,-66.01075,2,"NE",0,2015-02-10 08:50:00
"404","Puerto Rico","Trujillo Alto","3294-4","JASF",NA,"2",18.3231,-66.0105,1,"NE",0,2015-02-10 08:29:00
"405","Puerto Rico","Trujillo Alto","3294-3","JASF",NA,"2",18.32146,-66.01044,2,"NE",0,2015-02-10 08:06:00
"406","Puerto Rico","Trujillo Alto","3294-1","JASF",NA,"2",18.32208,-66.00808,0,"N/A",0,2015-02-10 07:22:00
"407","Puerto Rico","Trujillo Alto","3294-2","JASF",NA,"2",18.32132,-66.00713,2,"NE",0,2015-02-10 07:43:00
"408","Puerto Rico","Utuado","3964-4","JASV",NA,"2",18.17418,-66.464001,1,"NE",0,2015-02-06 08:50:00
"409","Puerto Rico","Utuado","3964-5","JASV",NA,"2",18.173601,-66.463997,1,"NE",0,2015-02-06 09:29:00
"410","Puerto Rico","Utuado","3964-3","JASV",NA,"2",18.173359,-66.46236,1,"NE",0,2015-02-06 07:58:00
"411","Puerto Rico","Utuado","3964-2","JASV",NA,"2",18.17286,-66.461799,1,"NE",0,2015-02-06 07:20:00
"412","Puerto Rico","Utuado","3964-1","JASV",NA,"2",18.172596,-66.46114,1,"NE",0,2015-02-06 06:40:00
"413","Puerto Rico","Yabucoa I","8835-4","JASF",NA,"2",18.06601,-65.81813,1,"NE",2,2015-02-12 08:52:00
"414","Puerto Rico","Yabucoa I","8835-5","JASF",NA,"2",18.06497,-65.81794,2,"NE",1,2015-02-12 09:21:00
"415","Puerto Rico","Yabucoa I","8835-3","JASF",NA,"2",18.06363,-65.81385,1,"NE",1,2015-02-12 08:20:00
"416","Puerto Rico","Yabucoa I","8835-2","JASF",NA,"2",18.06555,-65.81379,1,"NE",1,2015-02-12 07:52:00
"417","Puerto Rico","Yabucoa I","8835-1","JASF",NA,"2",18.06732,-65.81258,1,"NE",1,2015-02-12 07:17:00
"418","Puerto Rico","Yabucoa II","8483-2","JASF",NA,"2",18.08462,-65.95924,1,"NE",2,2015-03-19 07:39:00
"419","Puerto Rico","Yabucoa II","8483-1","JASF",NA,"2",18.08671,-65.95793,1,"NE",2,2015-03-19 07:15:00
"420","Puerto Rico","Yabucoa II","8483-3","JASF",NA,"2",18.08529,-65.95786,1,"NE",2,2015-03-19 08:06:00
"421","Puerto Rico","Yabucoa II","8483-4","JASF",NA,"2",18.08393,-65.95694,1,"NE",2,2015-03-19 08:30:00
"422","Puerto Rico","Yabucoa II","8483-5","JASF",NA,"2",18.08147,-65.95418,1,"NE",2,2015-03-19 09:00:00
"423","Puerto Rico","Adjuntas I","6000-5","JASF","JASV","3",18.12156,-66.45748,1,"NE",0,2015-02-06 08:55:00
"424","Puerto Rico","Adjuntas I","6000-4","JASF","JASV","3",18.12075,-66.45516,1,"NE",0,2015-02-06 08:23:00
"425","Puerto Rico","Adjuntas I","6000-3","JASF","JASV","3",18.12071,-66.45397,1,"NE",0,2015-02-06 07:52:00
"426","Puerto Rico","Adjuntas I","6000-2","JASF","JASV","3",18.1239,-66.45297,1,"NE",1,2015-02-06 07:20:00
"427","Puerto Rico","Adjuntas I","6000-1","JASF","JASV","3",18.12042,-66.45186,1,"NE",4,2015-02-06 06:53:00
"428","Puerto Rico","Adjuntas II","7717-1","JASF",NA,"3",18.11245,-66.73895,1,"NE",4,2015-02-09 07:36:00
"429","Puerto Rico","Adjuntas II","7717-4","JASF",NA,"3",18.11448,-66.73521,3,"NE",2,2015-02-09 07:00:00
"430","Puerto Rico","Adjuntas II","7717-3","JASF",NA,"3",18.11286,-66.73275,1,"NE",2,2015-02-09 08:30:00
"431","Puerto Rico","Adjuntas II","7717-5","JASF",NA,"3",18.11531,-66.73275,1,"NE",1,2015-02-09 09:16:00
"432","Puerto Rico","Adjuntas II","7717-2","JASF",NA,"3",18.11271,-66.73073,1,"NE",2,2015-02-09 08:04:00
"433","Puerto Rico","Adjuntas III","6877-1","JASV","JI","3",18.16263,-66.68069,2,"NE",1,2015-02-09 06:57:00
"434","Puerto Rico","Adjuntas III","6877-2","JASV","JI","3",18.16075,-66.67985,1,"NE",1,2015-02-09 07:16:00
"435","Puerto Rico","Adjuntas III","6877-5","JASV","JI","3",18.15467,-66.67981,0,"N/A",0,2015-02-09 08:28:00
"436","Puerto Rico","Adjuntas III","6877-4","JASV","JI","3",18.15528,-66.67844,0,"N/A",0,2015-02-09 08:04:00
"437","Puerto Rico","Adjuntas III","6877-3","JASV","JI","3",NA,NA,1,"NE",1,2015-02-09 07:36:00
"438","Puerto Rico","Aguas Buenas I","4602-4","JASF","CRB","3",18.26896,-66.12641,1,"NE",2,2015-01-28 08:21:00
"439","Puerto Rico","Aguas Buenas I","4602-2","JASF","CRB","3",18.27035,-66.12421,1,"NE",2,NA
"440","Puerto Rico","Aguas Buenas I","4602-3","JASF","CRB","3",18.26881,-66.12404,1,"NE",2,2015-01-28 07:20:00
"441","Puerto Rico","Aguas Buenas I","4602-5","JASF","CRB","3",18.26613,-66.1233,2,"NE",2,2015-01-28 08:52:00
"442","Puerto Rico","Aguas Buenas I","4602-1","JASF","CRB","3",18.27007,-66.12055,1,"NE",2,2015-01-28 07:49:00
"443","Puerto Rico","Aguas Buenas II","5717-3","JASF","CRB","3",18.21728,-66.13535,1,"NE",0,2015-01-29 08:28:00
"444","Puerto Rico","Aguas Buenas II","5717-1","JASF","CRB","3",18.21255,-66.13454,1,"NE",0,2015-01-29 07:24:00
"445","Puerto Rico","Aguas Buenas II","5717-5","JASF","CRB","3",18.21341,-66.13322,0,"NE",1,2015-01-29 06:56:00
"446","Puerto Rico","Aguas Buenas II","5717-2","JASF","CRB","3",18.21941,-66.13211,1,"NE",0,2015-01-29 09:04:00
"447","Puerto Rico","Aguas Buenas II","5717-4","JASF","CRB","3",18.21735,-66.13138,0,"NE",0,2015-01-29 07:56:00
"448","Puerto Rico","Aibonito","8280-2","JASF",NA,"3",18.08886,-66.24476,1,"NE",2,2015-03-26 07:39:00
"449","Puerto Rico","Aibonito","8280-1","JASF",NA,"3",18.08715,-66.24332,1,"NE",2,2015-03-26 07:08:00
"450","Puerto Rico","Aibonito","8280-5","JASF",NA,"3",18.08889,-66.23867,1,"NE",2,2015-03-26 09:40:00
"451","Puerto Rico","Aibonito","8280-4","JASF",NA,"3",18.08951,-66.23755,1,"NE",2,2015-03-26 09:03:00
"452","Puerto Rico","Aibonito","8280-3","JASF",NA,"3",18.09077,-66.23698,1,"NE",2,2015-03-26 08:26:00
"453","Puerto Rico","Arecibo","1342-4","JASV","PR","3",18.24405,-66.39309,0,"N/A",0,2015-02-05 09:03:00
"454","Puerto Rico","Arecibo","1342-1","JASV","PR","3",18.24544,-66.39216,0,"N/A",0,2015-02-05 07:46:00
"455","Puerto Rico","Arecibo","1342-2","JASV","PR","3",18.24493,-66.39183,0,"N/A",0,2015-02-05 08:12:00
"456","Puerto Rico","Arecibo","1342-3","JASV","PR","3",18.24378,-66.39157,0,"N/A",0,2015-02-05 08:36:00
"457","Puerto Rico","Arecibo","1342-5","JASV","PR","3",18.24387,-66.39157,0,"N/A",0,2015-02-05 09:33:00
"458","Puerto Rico","Barranquitas I","6746-1","JASF","JASV","3",18.16618,-66.35254,2,"NE",1,2015-02-24 07:06:00
"459","Puerto Rico","Barranquitas I","6746-3","JASF","JASV","3",18.16346,-66.34861,1,"NE",4,2015-02-24 08:26:00
"460","Puerto Rico","Barranquitas I","6746-4","JASF","JASV","3",18.16704,-66.34792,1,"NE",2,2015-02-24 08:51:00
"461","Puerto Rico","Barranquitas I","6746-5","JASF","JASV","3",18.16894,-66.34584,1,"NE",2,2015-02-24 09:33:00
"462","Puerto Rico","Barranquitas I","6746-2","JASF","JASV","3",NA,NA,3,"NE",2,2015-02-24 07:43:00
"463","Puerto Rico","Barranquitas II","6571-4","JASF",NA,"3",18.17125,-66.36742,1,"NE",2,2015-03-09 08:43:00
"464","Puerto Rico","Barranquitas II","6571-2","JASF",NA,"3",18.17312,-66.36327,2,"NE",4,2015-03-09 07:38:00
"465","Puerto Rico","Barranquitas II","6571-1","JASF",NA,"3",18.1746,-66.36275,2,"NE",4,2015-03-09 07:08:00
"466","Puerto Rico","Barranquitas II","6571-3","JASF",NA,"3",18.17197,-66.36152,1,"NE",2,2015-03-09 08:11:00
"467","Puerto Rico","BayamÜn","4037-1","JASF",NA,"3",18.29321,-66.16759,2,"NE",4,2015-03-13 07:18:00
"468","Puerto Rico","BayamÜn","4037-2","JASF",NA,"3",18.29226,-66.16537,1,"NE",4,2015-03-13 07:49:00
"469","Puerto Rico","BayamÜn","4037-3","JASF",NA,"3",18.28978,-66.1646,1,"NE",4,2015-03-13 08:16:00
"470","Puerto Rico","BayamÜn","4037-4","JASF",NA,"3",18.28913,-66.16316,2,"NE",4,2015-03-13 08:41:00
"471","Puerto Rico","BayamÜn","4037-5","JASF",NA,"3",18.28716,-66.16182,2,"NE",4,2015-03-13 09:10:00
"472","Puerto Rico","Cayey","7965-1","JASF","IG","3",NA,NA,0,"NE",0,2015-01-24 07:11:00
"473","Puerto Rico","Cayey","7965-2","JASF","IG","3",NA,NA,0,"NE",0,2015-01-24 08:04:00
"474","Puerto Rico","Cayey","7965-3","CCR",NA,"3",NA,NA,3,"NE",2,2015-01-24 07:55:00
"475","Puerto Rico","Cayey","7965-4","CCR",NA,"3",NA,NA,3,"NE",2,2015-01-24 07:31:00
"476","Puerto Rico","Cayey","7965-5","CCR",NA,"3",NA,NA,3,"NE",2,2015-01-24 07:03:00
"477","Puerto Rico","Ciales II","6204-5","JASF",NA,"3",18.19137,-66.52792,2,"NE",2,2015-03-29 08:34:00
"478","Puerto Rico","Ciales II","6204-3","JASF",NA,"3",18.1925,-66.52352,1,"NE",2,2015-03-29 07:36:00
"479","Puerto Rico","Ciales II","6204-4","JASF",NA,"3",18.19161,-66.52292,1,"NE",2,2015-03-29 08:03:00
"480","Puerto Rico","Ciales II","6204-2","JASF",NA,"3",18.19339,-66.52113,2,"NE",2,2015-03-29 07:05:00
"481","Puerto Rico","Ciales II","6204-1","JASF",NA,"3",18.19369,-66.52026,1,"NE",2,2015-03-29 06:38:00
"482","Puerto Rico","Cialitos","5111-4","JASV","JASF","3",18.14479,-66.31678,0,"N/A",1,2015-02-03 08:43:00
"483","Puerto Rico","Cialitos","5111-1","JASV","JASF","3",18.14392,-66.31659,0,"N/A",2,2015-02-03 07:12:00
"484","Puerto Rico","Cialitos","5111-2","JASV","JASF","3",18.14446,-66.31644,0,"N/A",2,2015-02-03 07:41:00
"485","Puerto Rico","Cialitos","5111-5","JASV","JASF","3",18.14536,-66.31622,2,"N/A",1,2015-02-03 09:17:00
"486","Puerto Rico","Cialitos","5111-3","JASV","JASF","3",18.14504,-66.3159,0,"N/A",2,2015-02-03 08:12:00
"487","Puerto Rico","Guanica","10602-5","JASF",NA,"3",17.94324,-66.94445,1,"NE",2,2015-03-27 09:04:00
"488","Puerto Rico","Guanica","10602-1","JASF",NA,"3",17.94183,-66.94299,1,"NE",1,2015-03-27 06:39:00
"489","Puerto Rico","Guanica","10602-4","JASF",NA,"3",17.94378,-66.94235,1,"NE",1,2015-03-27 08:34:00
"490","Puerto Rico","Guanica","10602-2","JASF",NA,"3",17.94143,-66.94154,1,"NE",1,2015-03-27 07:15:00
"491","Puerto Rico","Guanica","10602-3","JASF",NA,"3",17.93924,-66.93996,1,"NE",1,2015-03-27 07:46:00
"492","Puerto Rico","Jayuya I","5297-5","JASF","JACL","3",18.2346,-66.55792,3,"NE",1,2015-02-02 08:56:00
"493","Puerto Rico","Jayuya I","5297-4","JASF","JACL","3",18.23329,-66.55779,3,"NE",2,2015-02-02 08:23:00
"494","Puerto Rico","Jayuya I","5297-3","JASF","JACL","3",18.23284,-66.5575,3,"NE",2,2015-02-02 07:54:00
"495","Puerto Rico","Jayuya I","5297-1","JASF","JACL","3",18.22981,-66.55683,3,"NE",2,2015-02-02 06:57:00
"496","Puerto Rico","Jayuya I","5297-2","JASF","JACL","3",NA,NA,3,"NE",2,2015-02-02 07:28:00
"497","Puerto Rico","Jayuya II","7053-5","JASF",NA,"3",18.15164,-66.63471,1,"NE",2,2015-02-08 09:14:00
"498","Puerto Rico","Jayuya II","7053-2","JASF",NA,"3",18.15329,-66.63227,1,"NE",1,2015-02-08 07:36:00
"499","Puerto Rico","Jayuya II","7053-4","JASF",NA,"3",18.15078,-66.6322,1,"NE",2,2015-02-08 08:41:00
"500","Puerto Rico","Jayuya II","7053-3","JASF",NA,"3",18.15107,-66.63159,2,"NE",2,2015-02-08 08:12:00
"501","Puerto Rico","Jayuya II","7053-1","JASF",NA,"3",18.1503,-66.62914,2,"NE",2,2015-02-08 06:37:00
"502","Puerto Rico","Jayuya III","6719-5","JASV",NA,"3",18.16641,-66.577,0,"N/A",0,2015-03-24 08:42:00
"503","Puerto Rico","Jayuya III","6719-4","JASV",NA,"3",18.1631,-66.57625,0,"N/A",0,2015-03-24 08:20:00
"504","Puerto Rico","Jayuya III","6719-2","JASV",NA,"3",18.16637,-66.57441,0,"N/A",0,2015-03-24 07:03:00
"505","Puerto Rico","Jayuya III","6719-3","JASV",NA,"3",18.1644,-66.57214,0,"N/A",0,2015-03-24 07:25:00
"506","Puerto Rico","Jayuya III","6719-1","JASV",NA,"3",18.16791,-66.57717,1,"E",0,2015-03-24 06:35:00
"507","Puerto Rico","Jayuya IV","6716-5","JASF",NA,"3",18.16429,-66.59958,1,"NE",1,2015-03-24 08:53:00
"508","Puerto Rico","Jayuya IV","6716-4","JASF",NA,"3",18.16613,-66.59914,1,"NE",1,2015-03-24 08:17:00
"509","Puerto Rico","Jayuya IV","6716-2","JASF",NA,"3",18.16944,-66.59785,1,"NE",2,2015-03-24 07:07:00
"510","Puerto Rico","Jayuya IV","6716-3","JASF",NA,"3",18.16731,-66.59753,1,"NE",2,2015-03-24 07:39:00
"511","Puerto Rico","Jayuya IV","6716-1","JASF",NA,"3",18.16893,-66.59574,1,"NE",2,2015-03-24 06:31:00
"512","Puerto Rico","Jayuya V","4918-2","JASF",NA,"3",18.25154,-66.58632,1,"NE",2,2015-03-30 07:04:00
"513","Puerto Rico","Jayuya V","4918-1","JASF",NA,"3",18.25352,-66.58627,1,"NE",2,2015-03-30 06:40:00
"514","Puerto Rico","Jayuya V","4918-3","JASF",NA,"3",18.24952,-66.58281,1,"NE",2,2015-03-30 07:35:00
"515","Puerto Rico","Jayuya V","4918-4","JASF",NA,"3",18.2495,-66.58103,1,"NE",2,2015-03-30 08:05:00
"516","Puerto Rico","Jayuya V","4918-5","JASF",NA,"3",18.253,-66.57957,1,"NE",2,2015-03-30 08:40:00
"517","Puerto Rico","Jayuya VI","6881-2","JASV","WH","3",18.09587,-66.038956,2,"NE",5,2015-02-11 08:00:00
"518","Puerto Rico","Jayuya VI","6881-3","JASV","WH","3",18.0943,-66.038717,1,"NE",5,2015-02-11 08:29:00
"519","Puerto Rico","Jayuya VI","6881-1","JASV","WH","3",18.095441,-66.039134,1,"NE",5,2015-02-11 07:36:00
"520","Puerto Rico","Juncos","5373-1","JASF",NA,"3",18.23096,-65.92484,1,"NE",4,2015-02-17 07:14:00
"521","Puerto Rico","Juncos","5373-2","JASF",NA,"3",NA,NA,1,"NE",4,2015-02-17 07:57:00
"522","Puerto Rico","Juncos","5373-3","JASF",NA,"3",NA,NA,0,"N/A",1,2015-02-17 08:30:00
"523","Puerto Rico","Las Piedras","5194-3","JASF","CRB","3",18.24039,-65.84322,1,"NE",1,2015-02-05 08:37:00
"524","Puerto Rico","Las Piedras","5194-4","JASF","CRB","3",18.23789,-65.84288,1,"NE",0,2015-02-05 09:02:00
"525","Puerto Rico","Las Piedras","5194-2","JASF","CRB","3",18.23875,-65.83912,0,"N/A",1,2015-02-05 07:35:00
"526","Puerto Rico","Las Piedras","5194-5","JASF","CRB","3",18.23783,-65.83801,1,"NE",2,2015-02-05 08:06:00
"527","Puerto Rico","Las Piedras","5194-1","JASF","CRB","3",18.24323,-65.83634,0,"N/A",2,2015-02-05 07:09:00
"528","Puerto Rico","Maricao I","7194-1","CCR","JASV","3",NA,NA,0,"N/A",0,2015-01-23 08:44:00
"529","Puerto Rico","Maricao I","7194-2","CCR","JASV","3",NA,NA,0,"N/A",2,2015-01-23 07:17:00
"530","Puerto Rico","Maricao I","7194-3","CCR","JASV","3",NA,NA,0,"N/A",2,2015-01-23 07:56:00
"531","Puerto Rico","Maricao I","7194-4","JASF","AM","3",NA,NA,3,"NE",2,2015-01-23 07:20:00
"532","Puerto Rico","Maricao I","7194-5","JASF","AM","3",NA,NA,1,"NE",5,2015-01-23 07:58:00
"533","Puerto Rico","Maricao II","7015-1","JASF","CCR","3",NA,NA,2,"NE",0,2015-01-22 07:13:00
"534","Puerto Rico","Maricao II","7015-2","JASF","CCR","3",NA,NA,2,"NE",0,2015-01-22 07:38:00
"535","Puerto Rico","Maricao II","7015-3","JASF","CCR","3",NA,NA,1,"NE",0,2015-01-22 08:04:00
"536","Puerto Rico","Maricao II","7015-4","JASF","CCR","3",NA,NA,1,"NE",1,2015-01-22 07:40:00
"537","Puerto Rico","Maricao II","7015-5A","JASF","CCR","3",NA,NA,1,"NE",1,2015-01-22 09:11:00
"538","Puerto Rico","Maricao II","7015-5B","JASF","CCR","3",NA,NA,1,"NE",1,2015-01-22 09:11:00
"539","Puerto Rico","Morovis","2463-5","JASV","GR","3",18.35738,-66.43405,0,"N/A",0,2015-02-02 09:14:00
"540","Puerto Rico","Morovis","2463-4","JASV","GR","3",18.359,-66.4334,0,"N/A",0,2015-02-02 07:06:00
"541","Puerto Rico","Morovis","2463-2","JASV","GR","3",18.35751,-66.43124,0,"N/A",0,2015-02-02 08:09:00
"542","Puerto Rico","Morovis","2463-1","JASV","GR","3",18.35772,-66.42976,0,"N/A",0,2015-02-02 08:34:00
"543","Puerto Rico","Morovis","2463-3","JASV","GR","3",NA,NA,0,"N/A",0,2015-02-02 07:34:00
"544","Puerto Rico","Orocovis I","6740-1","JASF",NA,"3",18.16733,-66.40089,1,"NE",4,2015-02-25 06:59:00
"545","Puerto Rico","Orocovis I","6740-2","JASF",NA,"3",18.16536,-66.39941,1,"NE",2,2015-02-25 07:28:00
"546","Puerto Rico","Orocovis I","6740-3","JASF",NA,"3",18.1664,-66.3966,2,"NE",2,2015-02-25 08:02:00
"547","Puerto Rico","Orocovis I","6740-4","JASF",NA,"3",18.166,-66.39488,1,"NE",2,2015-02-25 08:33:00
"548","Puerto Rico","Orocovis II","6741-2","JASV",NA,"3",18.16762,-66.39094,1,"NE",1,2015-02-25 07:28:00
"549","Puerto Rico","Orocovis II","6741-3","JASV",NA,"3",18.17167,-66.38998,0,"N/A",1,2015-02-25 07:54:00
"550","Puerto Rico","Orocovis II","6741-1","JASV",NA,"3",NA,NA,0,"N/A",1,2015-02-25 07:07:00
"551","Puerto Rico","Orocovis III","6556-5","JASV",NA,"3",18.17408,-66.49159,0,"N/A",2,2015-02-26 09:12:00
"552","Puerto Rico","Orocovis III","6556-4","JASV",NA,"3",18.17248,-66.48896,1,"NE",2,2015-02-26 08:31:00
"553","Puerto Rico","Orocovis III","6556-1","JASV",NA,"3",18.17263,-66.48783,2,"N",0,2015-02-26 06:53:00
"554","Puerto Rico","Orocovis III","6556-3","JASV",NA,"3",18.17097,-66.48731,1,"NE",0,2015-02-26 08:08:00
"555","Puerto Rico","Orocovis III","6556-2","JASV",NA,"3",18.17776,-66.487,1,"N",0,2015-02-26 07:25:00
"556","Puerto Rico","Orocovis IV","6383-2","JASF",NA,"3",18.17905,-66.49189,2,"NE",4,2015-02-26 07:32:00
"557","Puerto Rico","Orocovis IV","6383-1","JASF",NA,"3",18.17909,-66.49001,2,"NE",4,2015-02-26 06:55:00
"558","Puerto Rico","Orocovis IV","6383-3","JASF",NA,"3",18.18102,-66.48973,1,"NE",4,2015-02-26 08:13:00
"559","Puerto Rico","Orocovis IV","6383-4","JASF",NA,"3",18.18164,-66.48816,1,"NE",2,2015-02-26 08:59:00
"560","Puerto Rico","Orocovis IV","6383-5","JASF",NA,"3",18.18135,-66.48605,2,"NE",2,2015-02-26 09:33:00
"561","Puerto Rico","Orocovis IX","5857-5","JASF",NA,"3",18.20673,-66.4698,2,"NE",1,2015-03-08 09:33:00
"562","Puerto Rico","Orocovis IX","5857-4","JASF",NA,"3",18.20453,-66.46759,1,"NE",1,2015-03-08 08:48:00
"563","Puerto Rico","Orocovis IX","5857-3","JASF",NA,"3",18.20429,-66.46529,2,"NE",2,2015-03-08 08:14:00
"564","Puerto Rico","Orocovis IX","5857-1","JASF",NA,"3",18.20502,-66.46416,2,"NE",4,2015-03-08 07:08:00
"565","Puerto Rico","Orocovis IX","5857-2","JASF",NA,"3",18.20432,-66.46362,2,"NE",2,2015-03-08 07:40:00
"566","Puerto Rico","Orocovis V","6384-1","JASV",NA,"3",18.18084,-66.48521,2,"NW",1,2015-02-27 07:04:00
"567","Puerto Rico","Orocovis V","6384-2","JASV",NA,"3",18.18217,-66.48511,2,"NW",1,2015-02-27 07:23:00
"568","Puerto Rico","Orocovis V","6384-3","JASV",NA,"3",18.18252,-66.48352,1,"NE",1,2015-02-27 07:42:00
"569","Puerto Rico","Orocovis V","6384-4","JASV",NA,"3",18.18366,-66.48174,2,"NE",0,2015-02-27 08:02:00
"570","Puerto Rico","Orocovis V","6384-5","JASV",NA,"3",18.18527,-66.48172,1,"NW",0,2015-02-27 08:23:00
"571","Puerto Rico","Orocovis VI","6212-3","JASF",NA,"3",18.19073,-66.45789,2,"NE",2,2015-02-27 08:05:00
"572","Puerto Rico","Orocovis VI","6212-2","JASF",NA,"3",18.18882,-66.45773,2,"NE",2,2015-02-27 07:35:00
"573","Puerto Rico","Orocovis VI","6212-5","JASF",NA,"3",18.19447,-66.45763,2,"NE",2,2015-02-27 09:11:00
"574","Puerto Rico","Orocovis VI","6212-4","JASF",NA,"3",18.19233,-66.4572,1,"NE",1,2015-02-27 08:41:00
"575","Puerto Rico","Orocovis VI","6212-1","JASF",NA,"3",18.18741,-66.45708,2,"NE",4,2015-02-27 06:58:00
"576","Puerto Rico","Orocovis VII","6562-5","JASF",NA,"3",18.17846,-66.44461,2,"NE",1,2015-03-06 09:57:00
"577","Puerto Rico","Orocovis VII","6562-4","JASF",NA,"3",18.17119,-66.44295,1,"NE",2,2015-03-06 09:26:00
"578","Puerto Rico","Orocovis VII","6562-3","JASF",NA,"3",18.17078,-66.44067,2,"NE",1,2015-03-06 08:57:00
"579","Puerto Rico","Orocovis VII","6562-2","JASF",NA,"3",18.17305,-66.43948,1,"NE",1,2015-03-06 07:56:00
"580","Puerto Rico","Orocovis VII","6562-1","JASF",NA,"3",18.17399,-66.43746,1,"NE",1,2015-03-06 07:26:00
"581","Puerto Rico","Orocovis VIII","6564-5","JASF",NA,"3",18.17668,-66.42578,1,"NE",4,2015-03-07 10:00:00
"582","Puerto Rico","Orocovis VIII","6564-2","JASF",NA,"3",18.17632,-66.42483,1,"NE",2,2015-03-07 08:07:00
"583","Puerto Rico","Orocovis VIII","6564-1","JASF",NA,"3",18.17997,-66.42445,1,"NE",2,2015-03-07 07:22:00
"584","Puerto Rico","Orocovis VIII","6564-4","JASF",NA,"3",18.17528,-66.4242,1,"NE",4,2015-03-07 09:17:00
"585","Puerto Rico","Orocovis VIII","6564-3","JASF",NA,"3",18.17583,-66.42419,2,"NE",2,2015-03-07 08:42:00
"586","Puerto Rico","Rio Grande II","3515-2","JASF",NA,"3",18.317427,-65.771003,0,"N/A",5,2015-02-14 07:56:00
"587","Puerto Rico","Rio Grande II","3515-4","JASF",NA,"3",18.31308,-65.770963,1,"NE",5,2015-02-14 09:39:00
"588","Puerto Rico","Rio Grande II","3515-3","JASF",NA,"3",18.315446,-65.770957,0,"N/A",5,2015-02-14 09:08:00
"589","Puerto Rico","Rio Grande II","3515-1","JASF",NA,"3",18.318791,-65.770266,2,"NE",2,2015-02-14 07:09:00
"590","Puerto Rico","Rio Grande III","4082-2","JASF","AP","3",18.29328,-65.79214,1,"NE",4,2015-02-15 07:58:00
"591","Puerto Rico","Rio Grande III","4082-3","JASF","AP","3",18.29217,-65.79167,1,"NE",4,2015-02-15 08:35:00
"592","Puerto Rico","Rio Grande III","4082-4","JASF","AP","3",18.28995,-65.79094,1,"NE",4,2015-02-15 09:13:00
"593","Puerto Rico","Rio Grande III","4082-1","JASF","AP","3",18.29475,-65.79077,1,"NE",2,2015-02-15 07:27:00
"594","Puerto Rico","Rio Grande IV","3896-5","JASV","WH","3",18.17696,-65.77473,2,"NE",5,2015-02-14 08:52:00
"595","Puerto Rico","Rio Grande IV","3896-3","JASV","WH","3",18.17899,-65.77468,1,"NE",2,2015-02-14 07:52:00
"596","Puerto Rico","Rio Grande IV","3896-4","JASV","WH","3",18.1779,-65.77434,0,"N/A",2,2015-02-14 08:32:00
"597","Puerto Rico","Rio Grande IV","3896-2","JASV","WH","3",18.17918,-65.77391,1,"NE",5,2015-02-14 07:30:00
"598","Puerto Rico","Rio Grande IV","3896-1","JASV","WH","3",18.17922,-65.77257,0,"N/A",2,2015-02-14 07:05:00
"599","Puerto Rico","Rêo Grande I","3504-1","JASF",NA,"3",18.31804,-65.86926,0,"N/A",1,2015-02-13 07:15:00
"600","Puerto Rico","Rêo Grande I","3504-5","JASF",NA,"3",18.31447,-65.8678,1,"NE",0,2015-02-13 09:35:00
"601","Puerto Rico","Rêo Grande I","3504-2","JASF",NA,"3",18.31714,-65.86745,1,"NE",0,2015-02-13 07:45:00
"602","Puerto Rico","Rêo Grande I","3504-3","JASF",NA,"3",18.31506,-65.86486,1,"NE",0,2015-02-13 08:15:00
"603","Puerto Rico","Rêo Grande I","3504-4","JASF",NA,"3",18.3133,-65.86393,1,"NE",0,2015-02-13 08:45:00
"604","Puerto Rico","San Lorenzo","7308-1","JASF",NA,"3",NA,NA,1,"NE",5,2015-02-19 07:16:00
"605","Puerto Rico","San Lorenzo","7308-2","JASF",NA,"3",NA,NA,1,"NE",4,2015-02-19 07:38:00
"606","Puerto Rico","San Lorenzo","7308-3","JASF",NA,"3",NA,NA,2,"NE",2,2015-02-19 08:00:00
"607","Puerto Rico","San Lorenzo","7308-4","JASF",NA,"3",NA,NA,1,"NE",2,2015-02-19 08:26:00
"608","Puerto Rico","San Lorenzo","7308-5","JASF",NA,"3",NA,NA,0,"N/A",1,2015-02-19 08:48:00
"609","Puerto Rico","Toa Alta","2092-3","JASV","JASF","3",18.37142,-66.32258,0,"N/A",2,2015-02-01 07:10:00
"610","Puerto Rico","Toa Alta","2092-5","JASV","JASF","3",18.37511,-66.3224,0,"N/A",1,2015-02-03 08:31:00
"611","Puerto Rico","Toa Alta","2092-4","JASV","JASF","3",18.37399,-66.32177,0,"N/A",1,2015-02-02 08:06:00
"612","Puerto Rico","Toa Alta","2092-2","JASV","JASF","3",18.37172,-66.32112,0,"N/A",2,NA
"613","Puerto Rico","Toa Alta","2092-1","JASV","JASF","3",18.37182,-66.31992,0,"N/A",2,2015-01-30 08:57:00
"614","Puerto Rico","Trujillo Alto","3294-5","JASF",NA,"3",18.32417,-66.01075,2,"NE",0,2015-02-10 08:55:00
"615","Puerto Rico","Trujillo Alto","3294-4","JASF",NA,"3",18.3231,-66.0105,1,"NE",0,2015-02-10 08:33:00
"616","Puerto Rico","Trujillo Alto","3294-3","JASF",NA,"3",18.32146,-66.01044,2,"NE",0,2015-02-10 08:10:00
"617","Puerto Rico","Trujillo Alto","3294-1","JASF",NA,"3",18.32208,-66.00808,0,"N/A",0,2015-02-10 07:26:00
"618","Puerto Rico","Trujillo Alto","3294-2","JASF",NA,"3",18.32132,-66.00713,2,"NE",0,2015-02-10 07:47:00
"619","Puerto Rico","Utuado","3964-4","JASV",NA,"3",18.17418,-66.464001,1,"NE",0,2015-02-06 08:58:00
"620","Puerto Rico","Utuado","3964-5","JASV",NA,"3",18.173601,-66.463997,1,"NE",0,2015-02-06 09:35:00
"621","Puerto Rico","Utuado","3964-3","JASV",NA,"3",18.173359,-66.46236,1,"NE",0,2015-02-06 08:10:00
"622","Puerto Rico","Utuado","3964-2","JASV",NA,"3",18.17286,-66.461799,1,"NE",0,2015-02-06 07:31:00
"623","Puerto Rico","Utuado","3964-1","JASV",NA,"3",18.172596,-66.46114,1,"NE",0,2015-02-06 06:50:00
"624","Puerto Rico","Yabucoa I","8835-4","JASF",NA,"3",18.06601,-65.81813,1,"NE",2,2015-02-12 08:55:00
"625","Puerto Rico","Yabucoa I","8835-5","JASF",NA,"3",18.06497,-65.81794,2,"NE",1,2015-02-12 09:26:00
"626","Puerto Rico","Yabucoa I","8835-3","JASF",NA,"3",18.06363,-65.81385,1,"NE",1,2015-02-12 08:24:00
"627","Puerto Rico","Yabucoa I","8835-2","JASF",NA,"3",18.06555,-65.81379,1,"NE",1,2015-02-12 07:56:00
"628","Puerto Rico","Yabucoa I","8835-1","JASF",NA,"3",18.06732,-65.81258,1,"NE",1,2015-02-12 07:21:00
"629","Puerto Rico","Yabucoa II","8483-2","JASF",NA,"3",18.08462,-65.95924,1,"NE",2,2015-03-19 07:44:00
"630","Puerto Rico","Yabucoa II","8483-1","JASF",NA,"3",18.08671,-65.95793,1,"NE",2,2015-03-19 07:19:00
"631","Puerto Rico","Yabucoa II","8483-3","JASF",NA,"3",18.08529,-65.95786,1,"NE",2,2015-03-19 08:10:00
"632","Puerto Rico","Yabucoa II","8483-4","JASF",NA,"3",18.08393,-65.95694,1,"NE",2,2015-03-19 08:35:00
"633","Puerto Rico","Yabucoa II","8483-5","JASF",NA,"3",18.08147,-65.95418,1,"NE",2,2015-03-19 09:04:00
"634","Puerto Rico","Adjuntas I","6000-5","JASF","JASV","4",18.12156,-66.45748,1,"NE",0,2015-02-06 09:01:00
"635","Puerto Rico","Adjuntas I","6000-4","JASF","JASV","4",18.12075,-66.45516,1,"NE",0,2015-02-06 08:30:00
"636","Puerto Rico","Adjuntas I","6000-3","JASF","JASV","4",18.12071,-66.45397,1,"NE",0,2015-02-06 07:59:00
"637","Puerto Rico","Adjuntas I","6000-2","JASF","JASV","4",18.1239,-66.45297,1,"NE",1,2015-02-06 07:26:00
"638","Puerto Rico","Adjuntas I","6000-1","JASF","JASV","4",18.12042,-66.45186,1,"NE",4,2015-02-06 06:58:00
"639","Puerto Rico","Adjuntas II","7717-1","JASF",NA,"4",18.11245,-66.73895,1,"NE",4,2015-02-09 07:42:00
"640","Puerto Rico","Adjuntas II","7717-4","JASF",NA,"4",18.11448,-66.73521,3,"NE",2,2015-02-09 07:07:00
"641","Puerto Rico","Adjuntas II","7717-3","JASF",NA,"4",18.11286,-66.73275,1,"NE",2,2015-02-09 08:36:00
"642","Puerto Rico","Adjuntas II","7717-5","JASF",NA,"4",18.11531,-66.73275,1,"NE",1,2015-02-09 09:22:00
"643","Puerto Rico","Adjuntas II","7717-2","JASF",NA,"4",18.11271,-66.73073,1,"NE",2,2015-02-09 08:10:00
"644","Puerto Rico","Adjuntas III","6877-1","JASV","JI","4",18.16263,-66.68069,2,"NE",1,2015-02-09 07:02:00
"645","Puerto Rico","Adjuntas III","6877-2","JASV","JI","4",18.16075,-66.67985,1,"NE",1,2015-02-09 07:19:00
"646","Puerto Rico","Adjuntas III","6877-5","JASV","JI","4",18.15467,-66.67981,0,"N/A",0,2015-02-09 08:52:00
"647","Puerto Rico","Adjuntas III","6877-4","JASV","JI","4",18.15528,-66.67844,0,"N/A",0,2015-02-09 08:10:00
"648","Puerto Rico","Adjuntas III","6877-3","JASV","JI","4",NA,NA,1,"NE",1,2015-02-09 07:40:00
"649","Puerto Rico","Aguas Buenas I","4602-4","JASF","CRB","4",18.26896,-66.12641,1,"NE",2,2015-01-28 08:27:00
"650","Puerto Rico","Aguas Buenas I","4602-2","JASF","CRB","4",18.27035,-66.12421,1,"NE",2,2015-01-28 06:59:00
"651","Puerto Rico","Aguas Buenas I","4602-3","JASF","CRB","4",18.26881,-66.12404,1,"NE",2,2015-01-28 07:25:00
"652","Puerto Rico","Aguas Buenas I","4602-5","JASF","CRB","4",18.26613,-66.1233,2,"NE",2,2015-01-28 08:59:00
"653","Puerto Rico","Aguas Buenas I","4602-1","JASF","CRB","4",18.27007,-66.12055,1,"NE",2,2015-01-28 07:57:00
"654","Puerto Rico","Aguas Buenas II","5717-3","JASF","CRB","4",18.21728,-66.13535,1,"NE",0,2015-01-29 08:33:00
"655","Puerto Rico","Aguas Buenas II","5717-1","JASF","CRB","4",18.21255,-66.13454,1,"NE",0,2015-01-29 07:29:00
"656","Puerto Rico","Aguas Buenas II","5717-5","JASF","CRB","4",18.21341,-66.13322,0,"NE",1,2015-01-29 07:01:00
"657","Puerto Rico","Aguas Buenas II","5717-2","JASF","CRB","4",18.21941,-66.13211,1,"NE",0,2015-01-29 09:10:00
"658","Puerto Rico","Aguas Buenas II","5717-4","JASF","CRB","4",18.21735,-66.13138,0,"NE",0,2015-01-29 08:02:00
"659","Puerto Rico","Aibonito","8280-2","JASF",NA,"4",18.08886,-66.24476,1,"NE",2,2015-03-26 07:44:00
"660","Puerto Rico","Aibonito","8280-1","JASF",NA,"4",18.08715,-66.24332,1,"NE",2,2015-03-26 07:14:00
"661","Puerto Rico","Aibonito","8280-5","JASF",NA,"4",18.08889,-66.23867,1,"NE",2,2015-03-26 09:45:00
"662","Puerto Rico","Aibonito","8280-4","JASF",NA,"4",18.08951,-66.23755,1,"NE",2,2015-03-26 09:08:00
"663","Puerto Rico","Aibonito","8280-3","JASF",NA,"4",18.09077,-66.23698,1,"NE",2,2015-03-26 08:31:00
"664","Puerto Rico","Arecibo","1342-4","JASV","PR","4",18.24405,-66.39309,0,"N/A",0,2015-02-05 09:08:00
"665","Puerto Rico","Arecibo","1342-1","JASV","PR","4",18.24544,-66.39216,0,"N/A",0,2015-02-05 07:51:00
"666","Puerto Rico","Arecibo","1342-2","JASV","PR","4",18.24493,-66.39183,0,"N/A",0,2015-02-05 08:15:00
"667","Puerto Rico","Arecibo","1342-3","JASV","PR","4",18.24378,-66.39157,0,"N/A",0,2015-02-05 08:40:00
"668","Puerto Rico","Arecibo","1342-5","JASV","PR","4",18.24387,-66.39157,0,"N/A",0,2015-02-05 09:39:00
"669","Puerto Rico","Barranquitas I","6746-1","JASF","JASV","4",18.16618,-66.35254,2,"NE",1,2015-02-24 07:10:00
"670","Puerto Rico","Barranquitas I","6746-3","JASF","JASV","4",18.16346,-66.34861,1,"NE",4,2015-02-24 08:31:00
"671","Puerto Rico","Barranquitas I","6746-4","JASF","JASV","4",18.16704,-66.34792,1,"NE",2,2015-02-24 08:57:00
"672","Puerto Rico","Barranquitas I","6746-5","JASF","JASV","4",18.16894,-66.34584,1,"NE",2,2015-02-24 09:37:00
"673","Puerto Rico","Barranquitas I","6746-2","JASF","JASV","4",NA,NA,3,"NE",2,2015-02-24 07:48:00
"674","Puerto Rico","Barranquitas II","6571-4","JASF",NA,"4",18.17125,-66.36742,1,"NE",2,2015-03-09 08:48:00
"675","Puerto Rico","Barranquitas II","6571-2","JASF",NA,"4",18.17312,-66.36327,2,"NE",4,2015-03-09 07:43:00
"676","Puerto Rico","Barranquitas II","6571-1","JASF",NA,"4",18.1746,-66.36275,2,"NE",4,2015-03-09 07:14:00
"677","Puerto Rico","Barranquitas II","6571-3","JASF",NA,"4",18.17197,-66.36152,1,"NE",2,2015-03-09 08:17:00
"678","Puerto Rico","BayamÜn","4037-1","JASF",NA,"4",18.29321,-66.16759,2,"NE",4,2015-03-13 07:24:00
"679","Puerto Rico","BayamÜn","4037-2","JASF",NA,"4",18.29226,-66.16537,1,"NE",4,2015-03-13 07:54:00
"680","Puerto Rico","BayamÜn","4037-3","JASF",NA,"4",18.28978,-66.1646,1,"NE",4,2015-03-13 08:20:00
"681","Puerto Rico","BayamÜn","4037-4","JASF",NA,"4",18.28913,-66.16316,2,"NE",4,2015-03-13 08:46:00
"682","Puerto Rico","BayamÜn","4037-5","JASF",NA,"4",18.28716,-66.16182,2,"NE",4,2015-03-13 09:16:00
"683","Puerto Rico","Cayey","7965-1","JASF","IG","4",NA,NA,0,"NE",0,2015-01-24 07:17:00
"684","Puerto Rico","Cayey","7965-2","JASF","IG","4",NA,NA,0,"NE",0,2015-01-24 08:11:00
"685","Puerto Rico","Cayey","7965-3","CCR",NA,"4",NA,NA,3,"NE",2,2015-01-24 08:00:00
"686","Puerto Rico","Cayey","7965-4","CCR",NA,"4",NA,NA,3,"NE",2,2015-01-24 07:36:00
"687","Puerto Rico","Cayey","7965-5","CCR",NA,"4",NA,NA,3,"NE",2,2015-01-24 07:10:00
"688","Puerto Rico","Ciales II","6204-5","JASF",NA,"4",18.19137,-66.52792,2,"NE",2,2015-03-29 08:39:00
"689","Puerto Rico","Ciales II","6204-3","JASF",NA,"4",18.1925,-66.52352,1,"NE",2,2015-03-29 07:40:00
"690","Puerto Rico","Ciales II","6204-4","JASF",NA,"4",18.19161,-66.52292,1,"NE",2,2015-03-29 08:09:00
"691","Puerto Rico","Ciales II","6204-2","JASF",NA,"4",18.19339,-66.52113,2,"NE",2,2015-03-29 07:10:00
"692","Puerto Rico","Ciales II","6204-1","JASF",NA,"4",18.19369,-66.52026,1,"NE",2,2015-03-29 06:43:00
"693","Puerto Rico","Cialitos","5111-4","JASV","JASF","4",18.14479,-66.31678,0,"N/A",1,2015-02-03 08:50:00
"694","Puerto Rico","Cialitos","5111-1","JASV","JASF","4",18.14392,-66.31659,0,"N/A",2,2015-02-03 07:18:00
"695","Puerto Rico","Cialitos","5111-2","JASV","JASF","4",18.14446,-66.31644,0,"N/A",2,2015-02-03 07:46:00
"696","Puerto Rico","Cialitos","5111-5","JASV","JASF","4",18.14536,-66.31622,2,"N/A",1,2015-02-03 09:22:00
"697","Puerto Rico","Cialitos","5111-3","JASV","JASF","4",18.14504,-66.3159,0,"N/A",2,2015-02-03 08:17:00
"698","Puerto Rico","Guanica","10602-5","JASF",NA,"4",17.94324,-66.94445,1,"NE",2,2015-03-27 09:09:00
"699","Puerto Rico","Guanica","10602-1","JASF",NA,"4",17.94183,-66.94299,1,"NE",1,2015-03-27 06:44:00
"700","Puerto Rico","Guanica","10602-4","JASF",NA,"4",17.94378,-66.94235,1,"NE",1,2015-03-27 08:39:00
"701","Puerto Rico","Guanica","10602-2","JASF",NA,"4",17.94143,-66.94154,1,"NE",1,2015-03-27 07:21:00
"702","Puerto Rico","Guanica","10602-3","JASF",NA,"4",17.93924,-66.93996,1,"NE",1,2015-03-27 07:52:00
"703","Puerto Rico","Jayuya I","5297-5","JASF","JACL","4",18.2346,-66.55792,3,"NE",1,2015-02-02 09:04:00
"704","Puerto Rico","Jayuya I","5297-4","JASF","JACL","4",18.23329,-66.55779,3,"NE",2,2015-02-02 08:31:00
"705","Puerto Rico","Jayuya I","5297-3","JASF","JACL","4",18.23284,-66.5575,3,"NE",2,2015-02-02 08:00:00
"706","Puerto Rico","Jayuya I","5297-1","JASF","JACL","4",18.22981,-66.55683,3,"NE",2,2015-02-02 07:03:00
"707","Puerto Rico","Jayuya I","5297-2","JASF","JACL","4",NA,NA,3,"NE",2,2015-02-02 07:34:00
"708","Puerto Rico","Jayuya II","7053-5","JASF",NA,"4",18.15164,-66.63471,1,"NE",2,2015-02-08 09:20:00
"709","Puerto Rico","Jayuya II","7053-2","JASF",NA,"4",18.15329,-66.63227,1,"NE",1,2015-02-08 07:41:00
"710","Puerto Rico","Jayuya II","7053-4","JASF",NA,"4",18.15078,-66.6322,1,"NE",2,2015-02-08 08:47:00
"711","Puerto Rico","Jayuya II","7053-3","JASF",NA,"4",18.15107,-66.63159,2,"NE",2,2015-02-08 08:18:00
"712","Puerto Rico","Jayuya II","7053-1","JASF",NA,"4",18.1503,-66.62914,2,"NE",2,2015-02-08 07:04:00
"713","Puerto Rico","Jayuya III","6719-5","JASV",NA,"4",18.16641,-66.577,0,"N/A",0,2015-03-24 08:50:00
"714","Puerto Rico","Jayuya III","6719-4","JASV",NA,"4",18.1631,-66.57625,0,"N/A",0,2015-03-24 08:26:00
"715","Puerto Rico","Jayuya III","6719-2","JASV",NA,"4",18.16637,-66.57441,0,"N/A",0,2015-03-24 07:08:00
"716","Puerto Rico","Jayuya III","6719-3","JASV",NA,"4",18.1644,-66.57214,0,"N/A",0,2015-03-24 07:33:00
"717","Puerto Rico","Jayuya III","6719-1","JASV",NA,"4",18.16791,-66.57717,1,"E",0,2015-03-24 06:41:00
"718","Puerto Rico","Jayuya IV","6716-5","JASF",NA,"4",18.16429,-66.59958,1,"NE",1,2015-03-24 09:00:00
"719","Puerto Rico","Jayuya IV","6716-4","JASF",NA,"4",18.16613,-66.59914,1,"NE",1,2015-03-24 08:22:00
"720","Puerto Rico","Jayuya IV","6716-2","JASF",NA,"4",18.16944,-66.59785,1,"NE",2,2015-03-24 07:13:00
"721","Puerto Rico","Jayuya IV","6716-3","JASF",NA,"4",18.16731,-66.59753,1,"NE",2,2015-03-24 07:45:00
"722","Puerto Rico","Jayuya IV","6716-1","JASF",NA,"4",18.16893,-66.59574,1,"NE",2,2015-03-24 06:36:00
"723","Puerto Rico","Jayuya V","4918-2","JASF",NA,"4",18.25154,-66.58632,1,"NE",2,2015-03-30 07:09:00
"724","Puerto Rico","Jayuya V","4918-1","JASF",NA,"4",18.25352,-66.58627,1,"NE",2,2015-03-30 06:45:00
"725","Puerto Rico","Jayuya V","4918-3","JASF",NA,"4",18.24952,-66.58281,1,"NE",2,2015-03-30 07:40:00
"726","Puerto Rico","Jayuya V","4918-4","JASF",NA,"4",18.2495,-66.58103,1,"NE",2,2015-03-30 08:10:00
"727","Puerto Rico","Jayuya V","4918-5","JASF",NA,"4",18.253,-66.57957,1,"NE",2,2015-03-30 08:45:00
"728","Puerto Rico","Jayuya VI","6881-2","JASV","WH","4",18.09587,-66.038956,2,"NE",5,2015-02-11 08:06:00
"729","Puerto Rico","Jayuya VI","6881-3","JASV","WH","4",18.0943,-66.038717,1,"NE",5,NA
"730","Puerto Rico","Jayuya VI","6881-1","JASV","WH","4",18.095441,-66.039134,1,"NE",5,2015-02-11 07:42:00
"731","Puerto Rico","Juncos","5373-1","JASF",NA,"4",18.23096,-65.92484,1,"NE",4,2015-02-17 07:19:00
"732","Puerto Rico","Juncos","5373-2","JASF",NA,"4",NA,NA,1,"NE",4,2015-02-17 08:02:00
"733","Puerto Rico","Juncos","5373-3","JASF",NA,"4",NA,NA,0,"N/A",1,2015-02-17 08:35:00
"734","Puerto Rico","Las Piedras","5194-3","JASF","CRB","4",18.24039,-65.84322,1,"NE",1,2015-02-05 08:41:00
"735","Puerto Rico","Las Piedras","5194-4","JASF","CRB","4",18.23789,-65.84288,1,"NE",0,2015-02-05 09:06:00
"736","Puerto Rico","Las Piedras","5194-2","JASF","CRB","4",18.23875,-65.83912,0,"N/A",1,2015-02-05 07:39:00
"737","Puerto Rico","Las Piedras","5194-5","JASF","CRB","4",18.23783,-65.83801,1,"NE",2,2015-02-05 08:11:00
"738","Puerto Rico","Las Piedras","5194-1","JASF","CRB","4",18.24323,-65.83634,0,"N/A",2,2015-02-05 07:15:00
"739","Puerto Rico","Maricao I","7194-1","CCR","JASV","4",NA,NA,0,"N/A",0,2015-01-23 08:49:00
"740","Puerto Rico","Maricao I","7194-2","CCR","JASV","4",NA,NA,0,"N/A",2,2015-01-23 07:22:00
"741","Puerto Rico","Maricao I","7194-3","CCR","JASV","4",NA,NA,0,"N/A",2,2015-01-23 08:03:00
"742","Puerto Rico","Maricao I","7194-4","JASF","AM","4",NA,NA,3,"NE",2,2015-01-23 07:28:00
"743","Puerto Rico","Maricao I","7194-5","JASF","AM","4",NA,NA,1,"NE",5,2015-01-23 08:03:00
"744","Puerto Rico","Maricao II","7015-1","JASF","CCR","4",NA,NA,2,"NE",0,2015-01-22 07:18:00
"745","Puerto Rico","Maricao II","7015-2","JASF","CCR","4",NA,NA,2,"NE",0,2015-01-22 07:48:00
"746","Puerto Rico","Maricao II","7015-3","JASF","CCR","4",NA,NA,1,"NE",0,2015-01-22 08:09:00
"747","Puerto Rico","Maricao II","7015-4","JASF","CCR","4",NA,NA,1,"NE",1,2015-01-22 07:45:00
"748","Puerto Rico","Maricao II","7015-5A","JASF","CCR","4",NA,NA,1,"NE",1,2015-01-22 09:16:00
"749","Puerto Rico","Maricao II","7015-5B","JASF","CCR","4",NA,NA,1,"NE",1,2015-01-22 09:16:00
"750","Puerto Rico","Morovis","2463-5","JASV","GR","4",18.35738,-66.43405,0,"N/A",0,2015-02-02 09:19:00
"751","Puerto Rico","Morovis","2463-4","JASV","GR","4",18.359,-66.4334,0,"N/A",0,2015-02-02 07:12:00
"752","Puerto Rico","Morovis","2463-2","JASV","GR","4",18.35751,-66.43124,0,"N/A",0,2015-02-02 08:14:00
"753","Puerto Rico","Morovis","2463-1","JASV","GR","4",18.35772,-66.42976,0,"N/A",0,2015-02-02 08:45:00
"754","Puerto Rico","Morovis","2463-3","JASV","GR","4",NA,NA,0,"N/A",0,2015-02-02 07:40:00
"755","Puerto Rico","Orocovis I","6740-1","JASF",NA,"4",18.16733,-66.40089,1,"NE",4,2015-02-25 07:05:00
"756","Puerto Rico","Orocovis I","6740-2","JASF",NA,"4",18.16536,-66.39941,1,"NE",2,2015-02-25 07:35:00
"757","Puerto Rico","Orocovis I","6740-3","JASF",NA,"4",18.1664,-66.3966,2,"NE",2,2015-02-25 08:07:00
"758","Puerto Rico","Orocovis I","6740-4","JASF",NA,"4",18.166,-66.39488,1,"NE",2,2015-02-25 08:38:00
"759","Puerto Rico","Orocovis II","6741-2","JASV",NA,"4",18.16762,-66.39094,1,"NE",1,2015-02-25 07:33:00
"760","Puerto Rico","Orocovis II","6741-3","JASV",NA,"4",18.17167,-66.38998,0,"N/A",1,2015-02-25 07:59:00
"761","Puerto Rico","Orocovis II","6741-1","JASV",NA,"4",NA,NA,0,"N/A",1,2015-02-25 07:10:00
"762","Puerto Rico","Orocovis III","6556-5","JASV",NA,"4",18.17408,-66.49159,0,"N/A",2,NA
"763","Puerto Rico","Orocovis III","6556-4","JASV",NA,"4",18.17248,-66.48896,1,"NE",2,2015-02-26 08:35:00
"764","Puerto Rico","Orocovis III","6556-1","JASV",NA,"4",18.17263,-66.48783,2,"N",0,2015-02-26 06:56:00
"765","Puerto Rico","Orocovis III","6556-3","JASV",NA,"4",18.17097,-66.48731,1,"NE",0,2015-02-26 08:13:00
"766","Puerto Rico","Orocovis III","6556-2","JASV",NA,"4",18.17776,-66.487,1,"N",0,2015-02-26 07:30:00
"767","Puerto Rico","Orocovis IV","6383-2","JASF",NA,"4",18.17905,-66.49189,2,"NE",4,2015-02-26 07:39:00
"768","Puerto Rico","Orocovis IV","6383-1","JASF",NA,"4",18.17909,-66.49001,2,"NE",4,2015-02-26 06:59:00
"769","Puerto Rico","Orocovis IV","6383-3","JASF",NA,"4",18.18102,-66.48973,1,"NE",4,2015-02-26 08:22:00
"770","Puerto Rico","Orocovis IV","6383-4","JASF",NA,"4",18.18164,-66.48816,1,"NE",2,2015-02-26 09:04:00
"771","Puerto Rico","Orocovis IV","6383-5","JASF",NA,"4",18.18135,-66.48605,2,"NE",2,2015-02-26 09:39:00
"772","Puerto Rico","Orocovis IX","5857-5","JASF",NA,"4",18.20673,-66.4698,2,"NE",1,2015-03-08 09:39:00
"773","Puerto Rico","Orocovis IX","5857-4","JASF",NA,"4",18.20453,-66.46759,1,"NE",1,2015-03-08 08:54:00
"774","Puerto Rico","Orocovis IX","5857-3","JASF",NA,"4",18.20429,-66.46529,2,"NE",2,2015-03-08 08:20:00
"775","Puerto Rico","Orocovis IX","5857-1","JASF",NA,"4",18.20502,-66.46416,2,"NE",4,2015-03-08 07:14:00
"776","Puerto Rico","Orocovis IX","5857-2","JASF",NA,"4",18.20432,-66.46362,2,"NE",2,2015-03-08 07:47:00
"777","Puerto Rico","Orocovis V","6384-1","JASV",NA,"4",18.18084,-66.48521,2,"NW",1,2015-02-27 07:10:00
"778","Puerto Rico","Orocovis V","6384-2","JASV",NA,"4",18.18217,-66.48511,2,"NW",1,2015-02-27 07:27:00
"779","Puerto Rico","Orocovis V","6384-3","JASV",NA,"4",18.18252,-66.48352,1,"NE",1,2015-02-27 07:47:00
"780","Puerto Rico","Orocovis V","6384-4","JASV",NA,"4",18.18366,-66.48174,2,"NE",0,2015-02-27 08:07:00
"781","Puerto Rico","Orocovis V","6384-5","JASV",NA,"4",18.18527,-66.48172,1,"NW",0,2015-02-27 08:26:00
"782","Puerto Rico","Orocovis VI","6212-3","JASF",NA,"4",18.19073,-66.45789,2,"NE",2,2015-02-27 08:12:00
"783","Puerto Rico","Orocovis VI","6212-2","JASF",NA,"4",18.18882,-66.45773,2,"NE",2,2015-02-27 07:39:00
"784","Puerto Rico","Orocovis VI","6212-5","JASF",NA,"4",18.19447,-66.45763,2,"NE",2,2015-02-27 09:16:00
"785","Puerto Rico","Orocovis VI","6212-4","JASF",NA,"4",18.19233,-66.4572,1,"NE",1,2015-02-27 08:48:00
"786","Puerto Rico","Orocovis VI","6212-1","JASF",NA,"4",18.18741,-66.45708,2,"NE",4,2015-02-27 07:03:00
"787","Puerto Rico","Orocovis VII","6562-5","JASF",NA,"4",18.17846,-66.44461,2,"NE",1,2015-03-06 10:03:00
"788","Puerto Rico","Orocovis VII","6562-4","JASF",NA,"4",18.17119,-66.44295,1,"NE",2,2015-03-06 09:32:00
"789","Puerto Rico","Orocovis VII","6562-3","JASF",NA,"4",18.17078,-66.44067,2,"NE",1,2015-03-06 09:01:00
"790","Puerto Rico","Orocovis VII","6562-2","JASF",NA,"4",18.17305,-66.43948,1,"NE",1,2015-03-06 08:03:00
"791","Puerto Rico","Orocovis VII","6562-1","JASF",NA,"4",18.17399,-66.43746,1,"NE",1,2015-03-06 07:30:00
"792","Puerto Rico","Orocovis VIII","6564-5","JASF",NA,"4",18.17668,-66.42578,1,"NE",4,2015-03-07 10:05:00
"793","Puerto Rico","Orocovis VIII","6564-2","JASF",NA,"4",18.17632,-66.42483,1,"NE",2,2015-03-07 08:12:00
"794","Puerto Rico","Orocovis VIII","6564-1","JASF",NA,"4",18.17997,-66.42445,1,"NE",2,2015-03-07 07:26:00
"795","Puerto Rico","Orocovis VIII","6564-4","JASF",NA,"4",18.17528,-66.4242,1,"NE",4,2015-03-07 09:23:00
"796","Puerto Rico","Orocovis VIII","6564-3","JASF",NA,"4",18.17583,-66.42419,2,"NE",2,2015-03-07 08:48:00
"797","Puerto Rico","Rio Grande II","3515-2","JASF",NA,"4",18.317427,-65.771003,0,"N/A",5,2015-02-14 08:12:00
"798","Puerto Rico","Rio Grande II","3515-4","JASF",NA,"4",18.31308,-65.770963,1,"NE",5,2015-02-14 09:45:00
"799","Puerto Rico","Rio Grande II","3515-3","JASF",NA,"4",18.315446,-65.770957,0,"N/A",5,2015-02-14 09:18:00
"800","Puerto Rico","Rio Grande II","3515-1","JASF",NA,"4",18.318791,-65.770266,2,"NE",2,2015-02-14 07:18:00
"801","Puerto Rico","Rio Grande III","4082-2","JASF","AP","4",18.29328,-65.79214,1,"NE",4,2015-02-15 08:05:00
"802","Puerto Rico","Rio Grande III","4082-3","JASF","AP","4",18.29217,-65.79167,1,"NE",4,2015-02-15 08:41:00
"803","Puerto Rico","Rio Grande III","4082-4","JASF","AP","4",18.28995,-65.79094,1,"NE",4,2015-02-15 09:19:00
"804","Puerto Rico","Rio Grande III","4082-1","JASF","AP","4",18.29475,-65.79077,1,"NE",2,2015-02-15 07:33:00
"805","Puerto Rico","Rio Grande IV","3896-5","JASV","WH","4",18.17696,-65.77473,2,"NE",5,2015-02-14 08:56:00
"806","Puerto Rico","Rio Grande IV","3896-3","JASV","WH","4",18.17899,-65.77468,1,"NE",2,2015-02-14 07:57:00
"807","Puerto Rico","Rio Grande IV","3896-4","JASV","WH","4",18.1779,-65.77434,0,"N/A",2,2015-02-14 08:29:00
"808","Puerto Rico","Rio Grande IV","3896-2","JASV","WH","4",18.17918,-65.77391,1,"NE",5,2015-02-14 07:33:00
"809","Puerto Rico","Rio Grande IV","3896-1","JASV","WH","4",18.17922,-65.77257,0,"N/A",2,2015-02-14 07:12:00
"810","Puerto Rico","Rêo Grande I","3504-1","JASF",NA,"4",18.31804,-65.86926,0,"N/A",1,2015-02-13 07:20:00
"811","Puerto Rico","Rêo Grande I","3504-5","JASF",NA,"4",18.31447,-65.8678,1,"NE",0,2015-02-13 09:42:00
"812","Puerto Rico","Rêo Grande I","3504-2","JASF",NA,"4",18.31714,-65.86745,1,"NE",0,2015-02-13 07:50:00
"813","Puerto Rico","Rêo Grande I","3504-3","JASF",NA,"4",18.31506,-65.86486,1,"NE",0,2015-02-13 08:20:00
"814","Puerto Rico","Rêo Grande I","3504-4","JASF",NA,"4",18.3133,-65.86393,1,"NE",0,2015-02-13 08:50:00
"815","Puerto Rico","San Lorenzo","7308-1","JASF",NA,"4",NA,NA,1,"NE",5,2015-02-19 07:21:00
"816","Puerto Rico","San Lorenzo","7308-2","JASF",NA,"4",NA,NA,1,"NE",4,2015-02-19 07:44:00
"817","Puerto Rico","San Lorenzo","7308-3","JASF",NA,"4",NA,NA,2,"NE",2,2015-02-19 08:05:00
"818","Puerto Rico","San Lorenzo","7308-4","JASF",NA,"4",NA,NA,1,"NE",2,2015-02-19 08:30:00
"819","Puerto Rico","San Lorenzo","7308-5","JASF",NA,"4",NA,NA,0,"N/A",1,2015-02-19 08:55:00
"820","Puerto Rico","Toa Alta","2092-3","JASV","JASF","4",18.37142,-66.32258,0,"N/A",2,2015-02-01 07:17:00
"821","Puerto Rico","Toa Alta","2092-5","JASV","JASF","4",18.37511,-66.3224,0,"N/A",1,2015-02-03 08:35:00
"822","Puerto Rico","Toa Alta","2092-4","JASV","JASF","4",18.37399,-66.32177,0,"N/A",1,2015-02-02 08:12:00
"823","Puerto Rico","Toa Alta","2092-2","JASV","JASF","4",18.37172,-66.32112,0,"N/A",2,2015-01-31 07:46:00
"824","Puerto Rico","Toa Alta","2092-1","JASV","JASF","4",18.37182,-66.31992,0,"N/A",2,2015-01-30 09:03:00
"825","Puerto Rico","Trujillo Alto","3294-5","JASF",NA,"4",18.32417,-66.01075,2,"NE",0,2015-02-10 08:59:00
"826","Puerto Rico","Trujillo Alto","3294-4","JASF",NA,"4",18.3231,-66.0105,1,"NE",0,2015-02-10 08:38:00
"827","Puerto Rico","Trujillo Alto","3294-3","JASF",NA,"4",18.32146,-66.01044,2,"NE",0,2015-02-10 08:15:00
"828","Puerto Rico","Trujillo Alto","3294-1","JASF",NA,"4",18.32208,-66.00808,0,"N/A",0,2015-02-10 07:30:00
"829","Puerto Rico","Trujillo Alto","3294-2","JASF",NA,"4",18.32132,-66.00713,2,"NE",0,2015-02-10 07:52:00
"830","Puerto Rico","Utuado","3964-4","JASV",NA,"4",18.17418,-66.464001,1,"NE",0,2015-02-06 09:05:00
"831","Puerto Rico","Utuado","3964-5","JASV",NA,"4",18.173601,-66.463997,1,"NE",0,2015-02-06 09:43:00
"832","Puerto Rico","Utuado","3964-3","JASV",NA,"4",18.173359,-66.46236,1,"NE",0,2015-02-06 08:21:00
"833","Puerto Rico","Utuado","3964-2","JASV",NA,"4",18.17286,-66.461799,1,"NE",0,2015-02-06 07:39:00
"834","Puerto Rico","Utuado","3964-1","JASV",NA,"4",18.172596,-66.46114,1,"NE",0,2015-02-06 06:58:00
"835","Puerto Rico","Yabucoa I","8835-4","JASF",NA,"4",18.06601,-65.81813,1,"NE",2,2015-02-12 09:01:00
"836","Puerto Rico","Yabucoa I","8835-5","JASF",NA,"4",18.06497,-65.81794,2,"NE",1,2015-02-12 09:31:00
"837","Puerto Rico","Yabucoa I","8835-3","JASF",NA,"4",18.06363,-65.81385,1,"NE",1,2015-02-12 08:29:00
"838","Puerto Rico","Yabucoa I","8835-2","JASF",NA,"4",18.06555,-65.81379,1,"NE",1,2015-02-12 08:00:00
"839","Puerto Rico","Yabucoa I","8835-1","JASF",NA,"4",18.06732,-65.81258,1,"NE",1,2015-02-12 07:26:00
"840","Puerto Rico","Yabucoa II","8483-2","JASF",NA,"4",18.08462,-65.95924,1,"NE",2,2015-03-19 07:48:00
"841","Puerto Rico","Yabucoa II","8483-1","JASF",NA,"4",18.08671,-65.95793,1,"NE",2,2015-03-19 07:25:00
"842","Puerto Rico","Yabucoa II","8483-3","JASF",NA,"4",18.08529,-65.95786,1,"NE",2,2015-03-19 08:15:00
"843","Puerto Rico","Yabucoa II","8483-4","JASF",NA,"4",18.08393,-65.95694,1,"NE",2,2015-03-19 08:41:00
"844","Puerto Rico","Yabucoa II","8483-5","JASF",NA,"4",18.08147,-65.95418,1,"NE",2,2015-03-19 09:09:00
